"","farmer_num","village","treatment","survey","temp_c","humidity_percent","ground_cover_percent","ose_num","att_mil","yield","datetime","ose_num_adj","att_mil_adj"
"1","1","Gossas","control","s1",37.3,50,45,24,NA,NA,2019-09-04 16:27:00,20,NA
"2","1","Gossas","control","s2",33.5,60,55,14,0.05,NA,2019-09-21 11:05:00,12,0.0425
"3","1","Gossas","control","s3",34,69.2,55,29,NA,NA,2019-10-11 18:10:00,25,NA
"4","1","Gossas","control","s4",NA,NA,NA,NA,NA,279,NA,NA,NA
"5","1","Gossas","fertilized","s1",37.3,50,45,15,NA,NA,2019-09-04 16:27:00,13,NA
"6","1","Gossas","fertilized","s2",34,58,45,12,0.05,NA,2019-09-21 11:05:00,10,0.0425
"7","1","Gossas","fertilized","s3",34,69.2,45,15,NA,NA,2019-10-11 17:47:00,13,NA
"8","1","Gossas","fertilized","s4",NA,NA,NA,NA,NA,595,NA,NA,NA
"9","2","Gossas","control","s1",33,47,55,81,0.05,NA,2019-09-01 12:10:00,69,0.0425
"10","2","Gossas","control","s2",31,67.8,55,14,NA,NA,2019-09-21 09:20:00,12,NA
"11","2","Gossas","control","s3",33.5,68.4,55,20,0.05,NA,2019-10-11 09:20:00,17,0.0425
"12","2","Gossas","control","s4",NA,NA,NA,NA,NA,250,NA,NA,NA
"13","2","Gossas","fertilized","s1",33,47,45,28,0,NA,2019-09-01 12:10:00,24,0
"14","2","Gossas","fertilized","s2",31,67.8,45,30,NA,NA,2019-09-21 09:20:00,26,NA
"15","2","Gossas","fertilized","s3",33.7,68.5,45,6,0,NA,2019-10-11 09:03:00,5,0
"16","2","Gossas","fertilized","s4",NA,NA,NA,NA,NA,750,NA,NA,NA
"17","3","Gossas","control","s1",34.5,88,60,76,0.05,NA,2019-09-02 10:00:00,65,0.0425
"18","3","Gossas","control","s2",34.5,58.5,60,14,NA,NA,2019-09-21 09:55:00,12,NA
"19","3","Gossas","control","s3",33.8,66.7,60,41,0.1,NA,2019-10-11 08:17:00,35,0.085
"20","3","Gossas","control","s4",NA,NA,NA,NA,NA,NA,NA,NA,NA
"21","3","Gossas","fertilized","s1",35,78,50,49,0,NA,2019-09-02 10:00:00,42,0
"22","3","Gossas","fertilized","s2",34.5,58,50,20,0,NA,2019-09-21 10:01:00,17,0
"23","3","Gossas","fertilized","s3",33.8,66.7,50,15,0.05,NA,2019-10-11 08:36:00,13,0.0425
"24","3","Gossas","fertilized","s4",NA,NA,NA,NA,NA,200,NA,NA,NA
"25","4","Gossas","control","s1",36,61,45,59,0.05,NA,2019-09-03 11:38:00,50,0.0425
"26","4","Gossas","control","s2",NA,NA,NA,NA,NA,NA,NA,NA,NA
"27","4","Gossas","control","s3",NA,NA,NA,NA,NA,NA,NA,NA,NA
"28","4","Gossas","control","s4",NA,NA,NA,NA,NA,NA,NA,NA,NA
"29","4","Gossas","fertilized","s1",36.3,62,40,21,NA,NA,2019-09-03 11:38:00,18,NA
"30","4","Gossas","fertilized","s2",NA,NA,NA,NA,NA,NA,NA,NA,NA
"31","4","Gossas","fertilized","s3",NA,NA,NA,NA,NA,NA,NA,NA,NA
"32","4","Gossas","fertilized","s4",NA,NA,NA,NA,NA,NA,NA,NA,NA
"33","5","Gossas","control","s1",32.4,51,55,18,NA,NA,2019-09-01 12:10:00,15,NA
"34","5","Gossas","control","s2",34.5,56,65,21,NA,NA,2019-09-21 12:10:00,18,NA
"35","5","Gossas","control","s3",34.5,56,65,47,0.15,NA,2019-10-11 12:10:00,40,0.1275
"36","5","Gossas","control","s4",NA,NA,NA,NA,NA,NA,NA,NA,NA
"37","5","Gossas","fertilized","s1",32,51,60,41,0.03,NA,2019-09-01 12:10:00,35,0.0255
"38","5","Gossas","fertilized","s2",34,57,50,47,NA,NA,2019-09-21 12:10:00,40,NA
"39","5","Gossas","fertilized","s3",34,57,50,21,0.05,NA,2019-10-11 12:10:00,18,0.0425
"40","5","Gossas","fertilized","s4",NA,NA,NA,NA,NA,NA,NA,NA,NA
"41","6","Gossas","control","s1",NA,NA,NA,NA,NA,NA,NA,NA,NA
"42","6","Gossas","control","s2",NA,NA,NA,NA,NA,NA,NA,NA,NA
"43","6","Gossas","control","s3",NA,NA,NA,NA,NA,NA,NA,NA,NA
"44","6","Gossas","control","s4",NA,NA,NA,NA,NA,NA,NA,NA,NA
"45","6","Gossas","fertilized","s1",NA,NA,NA,NA,NA,NA,NA,NA,NA
"46","6","Gossas","fertilized","s2",NA,NA,NA,NA,NA,NA,NA,NA,NA
"47","6","Gossas","fertilized","s3",NA,NA,NA,NA,NA,NA,NA,NA,NA
"48","6","Gossas","fertilized","s4",NA,NA,NA,NA,NA,NA,NA,NA,NA
"49","7","Gossas","control","s1",33.2,65.8,30,40,0.1,NA,2019-09-02 16:18:00,34,0.085
"50","7","Gossas","control","s2",35.4,56,45,32,NA,NA,2019-09-21 11:56:00,27,NA
"51","7","Gossas","control","s3",35.4,56,45,32,NA,NA,2019-10-12 11:56:00,27,NA
"52","7","Gossas","control","s4",NA,NA,NA,NA,NA,NA,NA,NA,NA
"53","7","Gossas","fertilized","s1",33.2,65.8,30,30,0.05,NA,2019-09-02 16:25:00,26,0.0425
"54","7","Gossas","fertilized","s2",35.4,56,30,17,NA,NA,2019-09-21 12:56:00,14,NA
"55","7","Gossas","fertilized","s3",35.4,56,30,17,NA,NA,2019-10-12 12:56:00,14,NA
"56","7","Gossas","fertilized","s4",NA,NA,NA,NA,NA,700,NA,NA,NA
"57","8","Gossas","control","s1",29,76,40,35,NA,NA,2019-09-05 08:43:00,30,NA
"58","8","Gossas","control","s2",35.4,55.9,60,42,NA,NA,2019-09-21 12:53:00,36,NA
"59","8","Gossas","control","s3",34,69,60,31,NA,NA,2019-10-12 10:00:00,26,NA
"60","8","Gossas","control","s4",NA,NA,NA,NA,NA,150,NA,NA,NA
"61","8","Gossas","fertilized","s1",29,76,50,19,NA,NA,2019-09-05 08:48:00,16,NA
"62","8","Gossas","fertilized","s2",35.4,55.9,40,27,NA,NA,2019-09-21 12:53:00,23,NA
"63","8","Gossas","fertilized","s3",34,69,40,23,NA,NA,2019-10-12 10:18:00,20,NA
"64","8","Gossas","fertilized","s4",NA,NA,NA,NA,NA,200,NA,NA,NA
"65","9","Gossas","control","s1",34.9,53.2,65,41,NA,NA,2019-09-02 17:40:00,35,NA
"66","9","Gossas","control","s2",35.2,57.3,15,6,0,NA,2019-09-21 13:10:00,5,0
"67","9","Gossas","control","s3",34.2,67.8,15,13,0,NA,2019-10-10 12:05:00,11,0
"68","9","Gossas","control","s4",NA,NA,NA,NA,NA,302,NA,NA,NA
"69","9","Gossas","fertilized","s1",34.9,53.2,45,37,NA,NA,2019-09-02 17:40:00,31,NA
"70","9","Gossas","fertilized","s2",35.2,57.3,45,10,0.01,NA,2019-09-21 13:15:00,8,0.0085
"71","9","Gossas","fertilized","s3",34.2,67.8,45,18,NA,NA,2019-10-10 12:12:00,15,NA
"72","9","Gossas","fertilized","s4",NA,NA,NA,NA,NA,436,NA,NA,NA
"73","10","Gossas","control","s1",32,80,40,44,0.05,NA,2019-09-02 16:45:00,37,0.0425
"74","10","Gossas","control","s2",34.2,64.4,65,16,NA,NA,2019-09-22 11:30:00,14,NA
"75","10","Gossas","control","s3",33.6,65,65,11,NA,NA,2019-10-09 15:32:00,9,NA
"76","10","Gossas","control","s4",NA,NA,NA,NA,NA,50,NA,NA,NA
"77","10","Gossas","fertilized","s1",32,80,45,100,0.03,NA,2019-09-02 16:45:00,85,0.0255
"78","10","Gossas","fertilized","s2",34.2,64.4,60,12,NA,NA,2019-09-22 11:45:00,10,NA
"79","10","Gossas","fertilized","s3",33.6,65,60,4,NA,NA,2019-10-09 15:45:00,3,NA
"80","10","Gossas","fertilized","s4",NA,NA,NA,NA,NA,100,NA,NA,NA
"81","11","Gossas","control","s1",35.3,57.8,50,28,NA,NA,2019-09-03 10:08:00,24,NA
"82","11","Gossas","control","s2",37.6,49.8,50,7,NA,NA,2019-09-21 16:49:00,6,NA
"83","11","Gossas","control","s3",33.9,64.9,50,9,NA,NA,2019-10-10 10:21:00,8,NA
"84","11","Gossas","control","s4",NA,NA,NA,NA,NA,1400,NA,NA,NA
"85","11","Gossas","fertilized","s1",35.3,57.8,60,38,NA,NA,2019-09-03 10:08:00,32,NA
"86","11","Gossas","fertilized","s2",37.6,49.8,60,10,NA,NA,2019-09-21 10:53:00,8,NA
"87","11","Gossas","fertilized","s3",33.9,64.9,60,4,NA,NA,2019-10-10 10:09:00,3,NA
"88","11","Gossas","fertilized","s4",NA,NA,NA,NA,NA,2216,NA,NA,NA
"89","12","Gossas","control","s1",29.9,74,40,25,0.05,NA,2019-09-05 10:25:00,21,0.0425
"90","12","Gossas","control","s2",31.4,74,45,12,NA,NA,2019-09-23 08:25:00,10,NA
"91","12","Gossas","control","s3",34,67,45,16,0.05,NA,2019-10-10 09:08:00,14,0.0425
"92","12","Gossas","control","s4",NA,NA,NA,NA,NA,190,NA,NA,NA
"93","12","Gossas","fertilized","s1",29.9,74,50,32,0.01,NA,2019-09-05 10:30:00,27,0.0085
"94","12","Gossas","fertilized","s2",31.5,73.8,40,5,NA,NA,2019-09-23 08:30:00,4,NA
"95","12","Gossas","fertilized","s3",34,67,40,5,NA,NA,2019-10-10 09:19:00,4,NA
"96","12","Gossas","fertilized","s4",NA,NA,NA,NA,NA,390,NA,NA,NA
"97","13","Gossas","control","s1",36.9,52.3,30,38,NA,NA,2019-09-03 11:30:00,32,NA
"98","13","Gossas","control","s2",31.6,72.3,65,9,NA,NA,2019-09-23 09:48:00,8,NA
"99","13","Gossas","control","s3",36.4,71,65,22,0.05,NA,2019-10-12 16:48:00,19,0.0425
"100","13","Gossas","control","s4",NA,NA,NA,NA,NA,160,NA,NA,NA
"101","13","Gossas","fertilized","s1",36.9,52.3,50,18,NA,NA,2019-09-03 11:00:00,15,NA
"102","13","Gossas","fertilized","s2",32,73,45,6,NA,NA,2019-09-23 09:30:00,5,NA
"103","13","Gossas","fertilized","s3",36.4,71,45,20,0.05,NA,2019-10-12 16:59:00,17,0.0425
"104","13","Gossas","fertilized","s4",NA,NA,NA,NA,NA,1126,NA,NA,NA
"105","14","Gossas","control","s1",33.6,58.3,45,28,NA,NA,2019-09-03 09:45:00,24,NA
"106","14","Gossas","control","s2",29.5,79.5,65,9,NA,NA,2019-09-22 08:22:00,8,NA
"107","14","Gossas","control","s3",NA,NA,NA,NA,NA,NA,NA,NA,NA
"108","14","Gossas","control","s4",NA,NA,NA,NA,NA,NA,NA,NA,NA
"109","14","Gossas","fertilized","s1",33.6,58.3,20,19,NA,NA,2019-09-03 09:45:00,16,NA
"110","14","Gossas","fertilized","s2",29.5,79.5,30,2,NA,NA,2019-09-22 08:17:00,2,NA
"111","14","Gossas","fertilized","s3",30,79,30,11,NA,NA,2019-10-10 09:30:00,9,NA
"112","14","Gossas","fertilized","s4",NA,NA,NA,NA,NA,485,NA,NA,NA
"113","15","Gossas","control","s1",35,55,45,33,0.1,NA,2019-09-03 17:30:00,28,0.085
"114","15","Gossas","control","s2",35.5,56.5,70,57,0.2,NA,2019-09-21 17:55:00,48,0.17
"115","15","Gossas","control","s3",NA,NA,NA,NA,NA,NA,NA,NA,NA
"116","15","Gossas","control","s4",NA,NA,NA,NA,NA,NA,NA,NA,NA
"117","15","Gossas","fertilized","s1",35,55,60,20,NA,NA,2019-09-03 17:30:00,17,NA
"118","15","Gossas","fertilized","s2",35,55,60,20,0.05,NA,2019-09-23 17:30:00,17,0.0425
"119","15","Gossas","fertilized","s3",35.2,66,60,20,NA,NA,2019-10-10 13:39:00,17,NA
"120","15","Gossas","fertilized","s4",NA,NA,NA,NA,NA,NA,NA,NA,NA
"121","16","Gossas","control","s1",34,50,40,26,NA,NA,2019-09-03 17:30:00,22,NA
"122","16","Gossas","control","s2",35,61.3,30,2,NA,NA,2019-09-22 10:30:00,2,NA
"123","16","Gossas","control","s3",33.8,67,30,17,NA,NA,2019-10-10 12:21:00,14,NA
"124","16","Gossas","control","s4",NA,NA,NA,NA,NA,219,NA,NA,NA
"125","16","Gossas","fertilized","s1",34,50,35,41,NA,NA,2019-09-03 17:30:00,35,NA
"126","16","Gossas","fertilized","s2",35,61.3,70,3,NA,NA,2019-09-22 10:30:00,3,NA
"127","16","Gossas","fertilized","s3",33.8,67,70,10,NA,NA,2019-10-10 12:30:00,8,NA
"128","16","Gossas","fertilized","s4",NA,NA,NA,NA,NA,1089,NA,NA,NA
"129","17","Gossas","control","s1",NA,NA,NA,NA,NA,NA,NA,NA,NA
"130","17","Gossas","control","s2",NA,NA,NA,NA,NA,NA,NA,NA,NA
"131","17","Gossas","control","s3",NA,NA,NA,NA,NA,NA,NA,NA,NA
"132","17","Gossas","control","s4",NA,NA,NA,NA,NA,NA,NA,NA,NA
"133","17","Gossas","fertilized","s1",35.7,57.3,45,35,0.05,NA,2019-09-04 11:40:00,30,0.0425
"134","17","Gossas","fertilized","s2",32,69,65,9,NA,NA,2019-09-23 10:20:00,8,NA
"135","17","Gossas","fertilized","s3",33.6,67.8,65,24,0.05,NA,2019-10-10 16:34:00,20,0.0425
"136","17","Gossas","fertilized","s4",NA,NA,NA,NA,NA,495,NA,NA,NA
"137","18","Gossas","control","s1",31,71,40,31,NA,NA,2019-09-05 12:00:00,26,NA
"138","18","Gossas","control","s2",32.5,62.6,30,2,NA,NA,2019-09-22 09:48:00,2,NA
"139","18","Gossas","control","s3",36.6,54,30,10,0,NA,2019-10-11 10:50:00,8,0
"140","18","Gossas","control","s4",NA,NA,NA,NA,NA,324,NA,NA,NA
"141","18","Gossas","fertilized","s1",31,71,50,34,0.05,NA,2019-09-05 12:15:00,29,0.0425
"142","18","Gossas","fertilized","s2",32.5,62.6,55,6,NA,NA,2019-09-22 09:48:00,5,NA
"143","18","Gossas","fertilized","s3",34.2,68,55,5,NA,NA,2019-10-11 11:39:00,4,NA
"144","18","Gossas","fertilized","s4",NA,NA,NA,NA,NA,509,NA,NA,NA
"145","19","Gossas","control","s1",34.5,62,65,23,0.05,NA,2019-09-04 10:08:00,20,0.0425
"146","19","Gossas","control","s2",35.7,60.2,70,21,NA,NA,2019-09-22 12:25:00,18,NA
"147","19","Gossas","control","s3",35.7,60.2,70,28,0.05,NA,2019-10-10 12:25:00,24,0.0425
"148","19","Gossas","control","s4",NA,NA,NA,NA,NA,558,NA,NA,NA
"149","19","Gossas","fertilized","s1",34.5,62,45,37,0.1,NA,2019-09-04 17:30:00,31,0.085
"150","19","Gossas","fertilized","s2",35.7,60.2,65,21,NA,NA,2019-09-22 12:10:00,18,NA
"151","19","Gossas","fertilized","s3",34.2,68,65,21,0.05,NA,2019-10-10 12:45:00,18,0.0425
"152","19","Gossas","fertilized","s4",NA,NA,NA,NA,NA,1314,NA,NA,NA
"153","20","Gossas","control","s1",33.8,60,20,15,NA,NA,2019-09-03 17:30:00,13,NA
"154","20","Gossas","control","s2",32.7,75.4,20,14,NA,NA,2019-09-22 18:35:00,12,NA
"155","20","Gossas","control","s3",33.5,64.7,20,16,NA,NA,2019-10-09 17:26:00,14,NA
"156","20","Gossas","control","s4",NA,NA,NA,NA,NA,626,NA,NA,NA
"157","20","Gossas","fertilized","s1",33.8,60,50,13,NA,NA,2019-09-03 17:30:00,11,NA
"158","20","Gossas","fertilized","s2",32.8,73,50,16,NA,NA,2019-09-22 18:50:00,14,NA
"159","20","Gossas","fertilized","s3",33.5,64.7,50,2,NA,NA,2019-10-09 18:04:00,2,NA
"160","20","Gossas","fertilized","s4",NA,NA,NA,NA,NA,598,NA,NA,NA
"161","21","Gossas","control","s1",32,35,65,53,NA,NA,2019-09-02 18:00:00,45,NA
"162","21","Gossas","control","s2",33.3,67.6,65,17,NA,NA,2019-09-22 18:00:00,14,NA
"163","21","Gossas","control","s3",33.7,66,65,15,NA,NA,2019-10-09 17:14:00,13,NA
"164","21","Gossas","control","s4",NA,NA,NA,NA,NA,776,NA,NA,NA
"165","21","Gossas","fertilized","s1",32,35,30,59,NA,NA,2019-09-02 18:00:00,50,NA
"166","21","Gossas","fertilized","s2",33.3,67.5,65,12,NA,NA,2019-09-22 18:20:00,10,NA
"167","21","Gossas","fertilized","s3",33.7,66,65,10,NA,NA,2019-10-09 17:06:00,8,NA
"168","21","Gossas","fertilized","s4",NA,NA,NA,NA,NA,1824,NA,NA,NA
"169","22","Gossas","control","s1",28.4,75.1,20,32,NA,NA,2019-09-04 18:30:00,27,NA
"170","22","Gossas","control","s2",33,68.2,20,13,NA,NA,2019-09-22 17:59:00,11,NA
"171","22","Gossas","control","s3",33.7,66,20,3,NA,NA,2019-10-09 15:10:00,3,NA
"172","22","Gossas","control","s4",NA,NA,NA,NA,NA,279,NA,NA,NA
"173","22","Gossas","fertilized","s1",28.4,75.1,30,41,NA,NA,2019-09-04 18:30:00,35,NA
"174","22","Gossas","fertilized","s2",33,68,30,19,NA,NA,2019-09-22 17:59:00,16,NA
"175","22","Gossas","fertilized","s3",33.7,66,30,3,NA,NA,2019-10-09 15:21:00,3,NA
"176","22","Gossas","fertilized","s4",NA,NA,NA,NA,NA,558,NA,NA,NA
"177","23","Gossas","control","s1",31,68.3,45,35,NA,NA,2019-09-02 17:30:00,30,NA
"178","23","Gossas","control","s2",36,55,45,33,0.15,NA,2019-09-21 11:30:00,28,0.1275
"179","23","Gossas","control","s3",33,64,45,7,NA,NA,2019-10-10 08:10:00,6,NA
"180","23","Gossas","control","s4",NA,NA,NA,NA,NA,450,NA,NA,NA
"181","23","Gossas","fertilized","s1",31,68.3,50,40,NA,NA,2019-09-02 17:30:00,34,NA
"182","23","Gossas","fertilized","s2",36,55,50,22,0.05,NA,2019-09-21 11:30:00,19,0.0425
"183","23","Gossas","fertilized","s3",33,64,50,7,NA,NA,2019-10-10 08:18:00,6,NA
"184","23","Gossas","fertilized","s4",NA,NA,NA,NA,NA,950,NA,NA,NA
"185","24","Gossas","control","s1",36,56,30,21,NA,NA,2019-09-02 18:50:00,18,NA
"186","24","Gossas","control","s2",37.5,53.6,35,6,NA,NA,2019-09-22 16:20:00,5,NA
"187","24","Gossas","control","s3",34.1,61,35,18,NA,NA,2019-10-09 16:13:00,15,NA
"188","24","Gossas","control","s4",NA,NA,NA,NA,NA,80,NA,NA,NA
"189","24","Gossas","fertilized","s1",36,56,35,37,NA,NA,2019-09-02 18:50:00,31,NA
"190","24","Gossas","fertilized","s2",37.5,53.6,35,12,NA,NA,2019-09-22 16:13:00,10,NA
"191","24","Gossas","fertilized","s3",34.1,61,35,10,NA,NA,2019-10-09 16:00:00,8,NA
"192","24","Gossas","fertilized","s4",NA,NA,NA,NA,NA,546,NA,NA,NA
"193","25","Gossas","control","s1",35,57.2,60,24,NA,NA,2019-09-04 12:20:00,20,NA
"194","25","Gossas","control","s2",NA,NA,NA,NA,NA,NA,NA,NA,NA
"195","25","Gossas","control","s3",NA,NA,NA,NA,NA,NA,NA,NA,NA
"196","25","Gossas","control","s4",NA,NA,NA,NA,NA,NA,NA,NA,NA
"197","25","Gossas","fertilized","s1",35,57.2,65,27,NA,NA,2019-09-04 12:20:00,23,NA
"198","25","Gossas","fertilized","s2",35.4,58,65,18,NA,NA,2019-09-23 12:20:00,15,NA
"199","25","Gossas","fertilized","s3",34.8,67,65,22,NA,NA,2019-10-10 16:23:00,19,NA
"200","25","Gossas","fertilized","s4",NA,NA,NA,NA,NA,NA,NA,NA,NA
"201","26","Gossas","control","s1",38,73.7,40,34,0.1,NA,2019-09-05 10:45:00,29,0.085
"202","26","Gossas","control","s2",33.6,71,40,33,0.1,NA,2019-09-23 08:50:00,28,0.085
"203","26","Gossas","control","s3",35.7,68.9,40,30,0.1,NA,2019-10-12 17:24:00,26,0.085
"204","26","Gossas","control","s4",NA,NA,NA,NA,NA,NA,NA,NA,NA
"205","26","Gossas","fertilized","s1",38,73.7,65,38,0.1,NA,2019-09-05 10:45:00,32,0.085
"206","26","Gossas","fertilized","s2",33.6,71,40,13,NA,NA,2019-09-23 08:54:00,11,NA
"207","26","Gossas","fertilized","s3",35.7,68.9,40,17,0.05,NA,2019-10-12 17:13:00,14,0.0425
"208","26","Gossas","fertilized","s4",NA,NA,NA,NA,NA,285,NA,NA,NA
"209","27","Gossas","control","s1",35,54,30,21,NA,NA,2019-09-04 13:20:00,18,NA
"210","27","Gossas","control","s2",NA,NA,NA,NA,NA,NA,NA,NA,NA
"211","27","Gossas","control","s3",NA,NA,NA,NA,NA,NA,NA,NA,NA
"212","27","Gossas","control","s4",NA,NA,NA,NA,NA,NA,NA,NA,NA
"213","27","Gossas","fertilized","s1",34.8,56,35,13,NA,NA,2019-09-04 13:48:00,11,NA
"214","27","Gossas","fertilized","s2",NA,NA,NA,NA,NA,NA,NA,NA,NA
"215","27","Gossas","fertilized","s3",NA,NA,NA,NA,NA,NA,NA,NA,NA
"216","27","Gossas","fertilized","s4",NA,NA,NA,NA,NA,NA,NA,NA,NA
"217","28","Gossas","control","s1",34,59.3,40,18,NA,NA,2019-09-02 19:00:00,15,NA
"218","28","Gossas","control","s2",NA,NA,NA,NA,NA,NA,NA,NA,NA
"219","28","Gossas","control","s3",NA,NA,NA,NA,NA,NA,NA,NA,NA
"220","28","Gossas","control","s4",NA,NA,NA,NA,NA,NA,NA,NA,NA
"221","28","Gossas","fertilized","s1",34,59.3,45,14,NA,NA,2019-09-02 19:00:00,12,NA
"222","28","Gossas","fertilized","s2",NA,NA,NA,NA,NA,NA,NA,NA,NA
"223","28","Gossas","fertilized","s3",NA,NA,NA,NA,NA,NA,NA,NA,NA
"224","28","Gossas","fertilized","s4",NA,NA,NA,NA,NA,NA,NA,NA,NA
"225","29","Gossas","control","s1",36.7,54,50,44,0.1,NA,2019-09-04 10:55:00,37,0.085
"226","29","Gossas","control","s2",34,65,50,35,NA,NA,2019-09-23 10:35:00,30,NA
"227","29","Gossas","control","s3",33.1,68,50,25,0.05,NA,2019-10-10 16:58:00,21,0.0425
"228","29","Gossas","control","s4",NA,NA,NA,NA,NA,80,NA,NA,NA
"229","29","Gossas","fertilized","s1",36.7,54,45,32,NA,NA,2019-09-04 10:55:00,27,NA
"230","29","Gossas","fertilized","s2",34.6,64,50,3,NA,NA,2019-09-23 10:42:00,3,NA
"231","29","Gossas","fertilized","s3",34.1,68,50,12,0,NA,2019-10-10 17:18:00,10,0
"232","29","Gossas","fertilized","s4",NA,NA,NA,NA,NA,360,NA,NA,NA
"233","30","Gossas","control","s1",33.2,57,30,29,NA,NA,2019-09-04 09:52:00,25,NA
"234","30","Gossas","control","s2",32.5,73.2,30,7,NA,NA,2019-09-22 11:40:00,6,NA
"235","30","Gossas","control","s3",39.4,69.8,30,35,0.1,NA,2019-10-11 12:21:00,30,0.085
"236","30","Gossas","control","s4",NA,NA,NA,NA,NA,243,NA,NA,NA
"237","30","Gossas","fertilized","s1",33.2,57,35,45,NA,NA,2019-09-04 09:52:00,38,NA
"238","30","Gossas","fertilized","s2",32.5,73.2,45,4,NA,NA,2019-09-22 11:45:00,3,NA
"239","30","Gossas","fertilized","s3",39.4,69.8,45,14,NA,NA,2019-10-11 12:54:00,12,NA
"240","30","Gossas","fertilized","s4",NA,NA,NA,NA,NA,534,NA,NA,NA
"241","31","Gossas","control","s1",33.6,60.7,45,39,NA,NA,2019-09-03 18:35:00,33,NA
"242","31","Gossas","control","s2",35,59.3,45,15,NA,NA,2019-09-21 18:10:00,13,NA
"243","31","Gossas","control","s3",36.8,71.1,45,24,NA,NA,2019-10-11 13:18:00,20,NA
"244","31","Gossas","control","s4",NA,NA,NA,NA,NA,203,NA,NA,NA
"245","31","Gossas","fertilized","s1",33.6,60.7,50,35,NA,NA,2019-09-03 18:35:00,30,NA
"246","31","Gossas","fertilized","s2",34.1,61.5,50,9,NA,NA,2019-09-21 18:20:00,8,NA
"247","31","Gossas","fertilized","s3",36.8,70.1,50,9,NA,NA,2019-10-11 13:27:00,8,NA
"248","31","Gossas","fertilized","s4",NA,NA,NA,NA,NA,475,NA,NA,NA
"249","32","Gossas","control","s1",34.2,60.2,50,51,NA,NA,2019-09-03 12:25:00,43,NA
"250","32","Gossas","control","s2",32.6,64.5,98,25,0.15,NA,2019-09-22 09:16:00,21,0.1275
"251","32","Gossas","control","s3",NA,NA,NA,NA,NA,NA,NA,NA,NA
"252","32","Gossas","control","s4",NA,NA,NA,NA,NA,NA,NA,NA,NA
"253","32","Gossas","fertilized","s1",34.2,60.2,50,79,NA,NA,2019-09-03 12:55:00,67,NA
"254","32","Gossas","fertilized","s2",37,49.2,50,12,0.05,NA,2019-09-22 16:32:00,10,0.0425
"255","32","Gossas","fertilized","s3",35.3,67.8,50,24,NA,NA,2019-10-11 16:12:00,20,NA
"256","32","Gossas","fertilized","s4",NA,NA,NA,NA,NA,NA,NA,NA,NA
"257","33","Gossas","control","s1",NA,NA,NA,NA,NA,NA,NA,NA,NA
"258","33","Gossas","control","s2",NA,NA,NA,NA,NA,NA,NA,NA,NA
"259","33","Gossas","control","s3",NA,NA,NA,NA,NA,NA,NA,NA,NA
"260","33","Gossas","control","s4",NA,NA,NA,NA,NA,NA,NA,NA,NA
"261","33","Gossas","fertilized","s1",36.4,55.2,50,26,NA,NA,2019-09-04 11:20:00,22,NA
"262","33","Gossas","fertilized","s2",NA,NA,NA,NA,NA,NA,NA,NA,NA
"263","33","Gossas","fertilized","s3",NA,NA,NA,NA,NA,NA,NA,NA,NA
"264","33","Gossas","fertilized","s4",NA,NA,NA,NA,NA,NA,NA,NA,NA
"265","34","Gossas","control","s1",28,83,45,23,NA,NA,2019-09-05 08:00:00,20,NA
"266","34","Gossas","control","s2",32.9,63.7,45,32,NA,NA,2019-09-22 09:32:00,27,NA
"267","34","Gossas","control","s3",34.6,68,45,47,NA,NA,2019-10-12 17:51:00,40,NA
"268","34","Gossas","control","s4",NA,NA,NA,NA,NA,NA,NA,NA,NA
"269","34","Gossas","fertilized","s1",28,83,30,54,NA,NA,2019-09-05 08:00:00,46,NA
"270","34","Gossas","fertilized","s2",32.9,63.7,40,9,NA,NA,2019-09-22 09:22:00,8,NA
"271","34","Gossas","fertilized","s3",34.6,68,40,23,NA,NA,2019-10-12 18:14:00,20,NA
"272","34","Gossas","fertilized","s4",NA,NA,NA,NA,NA,325,NA,NA,NA
"273","35","Gossas","control","s1",28,83,65,16,NA,NA,2019-09-05 08:28:00,14,NA
"274","35","Gossas","control","s2",33,62,35,21,0.05,NA,2019-09-23 10:21:00,18,0.0425
"275","35","Gossas","control","s3",33.6,68.4,35,29,NA,NA,2019-10-12 09:32:00,25,NA
"276","35","Gossas","control","s4",NA,NA,NA,NA,NA,140,NA,NA,NA
"277","35","Gossas","fertilized","s1",28,83,60,16,NA,NA,2019-09-05 08:28:00,14,NA
"278","35","Gossas","fertilized","s2",33.2,63,45,7,0.01,NA,2019-09-23 10:34:00,6,0.0085
"279","35","Gossas","fertilized","s3",33.6,68.4,45,18,NA,NA,2019-10-12 09:15:00,15,NA
"280","35","Gossas","fertilized","s4",NA,NA,NA,NA,NA,163,NA,NA,NA
"281","36","Gossas","control","s1",29,78.9,50,18,NA,NA,2019-09-05 09:00:00,15,NA
"282","36","Gossas","control","s2",35.2,54.6,50,47,NA,NA,2019-09-23 11:50:00,40,NA
"283","36","Gossas","control","s3",36.2,58.3,50,30,0.1,NA,2019-10-10 10:33:00,26,0.085
"284","36","Gossas","control","s4",NA,NA,NA,NA,NA,114,NA,NA,NA
"285","36","Gossas","fertilized","s1",29,78.9,50,36,NA,NA,2019-09-05 09:00:00,31,NA
"286","36","Gossas","fertilized","s2",35.2,54.6,50,11,NA,NA,2019-09-23 11:40:00,9,NA
"287","36","Gossas","fertilized","s3",36.2,58,50,4,0,NA,2019-10-10 10:47:00,3,0
"288","36","Gossas","fertilized","s4",NA,NA,NA,NA,NA,313,NA,NA,NA
"289","37","Gossas","control","s1",NA,NA,NA,NA,NA,NA,NA,NA,NA
"290","37","Gossas","control","s2",31,67.8,90,45,NA,NA,2019-09-22 08:40:00,38,NA
"291","37","Gossas","control","s3",33.1,71.3,90,19,NA,NA,2019-10-10 09:51:00,16,NA
"292","37","Gossas","control","s4",NA,NA,NA,NA,NA,NA,NA,NA,NA
"293","37","Gossas","fertilized","s1",31,50,30,50,NA,NA,2019-09-03 10:40:00,42,NA
"294","37","Gossas","fertilized","s2",31,67.5,75,13,NA,NA,2019-09-22 08:45:00,11,NA
"295","37","Gossas","fertilized","s3",33.1,71.2,75,6,NA,NA,2019-10-10 09:59:00,5,NA
"296","37","Gossas","fertilized","s4",NA,NA,NA,NA,NA,455,NA,NA,NA
"297","38","Gossas","control","s1",35.9,57.7,30,28,NA,NA,2019-09-04 10:00:00,24,NA
"298","38","Gossas","control","s2",35,57.1,30,29,NA,NA,2019-09-21 17:52:00,25,NA
"299","38","Gossas","control","s3",35,57.1,30,29,0.05,NA,2019-10-10 17:52:00,25,0.0425
"300","38","Gossas","control","s4",NA,NA,NA,NA,NA,456,NA,NA,NA
"301","38","Gossas","fertilized","s1",31,73.6,25,23,NA,NA,2019-09-05 10:00:00,20,NA
"302","38","Gossas","fertilized","s2",35.6,53.8,25,6,NA,NA,2019-09-21 17:46:00,5,NA
"303","38","Gossas","fertilized","s3",35.6,53.8,25,6,0,NA,2019-10-10 17:46:00,5,0
"304","38","Gossas","fertilized","s4",NA,NA,NA,NA,NA,1711,NA,NA,NA
"305","39","Gossas","control","s1",38,52,20,51,NA,NA,2019-09-03 13:12:00,43,NA
"306","39","Gossas","control","s2",33.6,60.8,80,41,NA,NA,2019-09-23 10:10:00,35,NA
"307","39","Gossas","control","s3",35.1,67.4,80,14,NA,NA,2019-10-10 11:10:00,12,NA
"308","39","Gossas","control","s4",NA,NA,NA,NA,NA,113,NA,NA,NA
"309","39","Gossas","fertilized","s1",36,56.9,30,65,NA,NA,2019-09-03 13:12:00,55,NA
"310","39","Gossas","fertilized","s2",33.6,60.8,70,14,NA,NA,2019-09-23 10:10:00,12,NA
"311","39","Gossas","fertilized","s3",35.1,67.4,70,5,NA,NA,2019-10-10 10:58:00,4,NA
"312","39","Gossas","fertilized","s4",NA,NA,NA,NA,NA,182,NA,NA,NA
"313","40","Gossas","control","s1",38,52,35,51,NA,NA,2019-09-04 13:00:00,43,NA
"314","40","Gossas","control","s2",30.3,70.7,55,21,NA,NA,2019-09-22 09:05:00,18,NA
"315","40","Gossas","control","s3",35.4,66.3,55,30,0.1,NA,2019-10-11 18:43:00,26,0.085
"316","40","Gossas","control","s4",NA,NA,NA,NA,NA,302,NA,NA,NA
"317","40","Gossas","fertilized","s1",38,52,40,65,NA,NA,2019-09-04 13:12:00,55,NA
"318","40","Gossas","fertilized","s2",37.1,51.5,40,10,NA,NA,2019-09-21 17:20:00,8,NA
"319","40","Gossas","fertilized","s3",35.3,65.9,40,21,0.05,NA,2019-10-11 18:22:00,18,0.0425
"320","40","Gossas","fertilized","s4",NA,NA,NA,NA,NA,925,NA,NA,NA
"321","41","Gossas","control","s1",38,50.2,40,33,NA,NA,2019-09-04 12:30:00,28,NA
"322","41","Gossas","control","s2",36,59.1,40,5,0.01,NA,2019-09-22 11:17:00,4,0.0085
"323","41","Gossas","control","s3",34,68,40,17,0.05,NA,2019-10-10 13:12:00,14,0.0425
"324","41","Gossas","control","s4",NA,NA,NA,NA,NA,84,NA,NA,NA
"325","41","Gossas","fertilized","s1",38,50.2,30,38,NA,NA,2019-09-04 13:40:00,32,NA
"326","41","Gossas","fertilized","s2",36,59.1,30,23,0.1,NA,2019-09-22 11:17:00,20,0.085
"327","41","Gossas","fertilized","s3",34,68,30,5,0,NA,2019-10-10 13:28:00,4,0
"328","41","Gossas","fertilized","s4",NA,NA,NA,NA,NA,432,NA,NA,NA
"329","42","Gossas","control","s1",NA,NA,NA,NA,NA,NA,NA,NA,NA
"330","42","Gossas","control","s2",32.9,67.1,25,8,NA,NA,2019-09-22 10:35:00,7,NA
"331","42","Gossas","control","s3",32.9,67.1,25,8,NA,NA,2019-10-10 10:35:00,7,NA
"332","42","Gossas","control","s4",NA,NA,NA,NA,NA,826,NA,NA,NA
"333","42","Gossas","fertilized","s1",41,41,30,44,NA,NA,2019-09-03 13:40:00,37,NA
"334","42","Gossas","fertilized","s2",33.5,64.6,30,8,NA,NA,2019-09-22 11:47:00,7,NA
"335","42","Gossas","fertilized","s3",33.5,64.6,30,8,NA,NA,2019-10-10 11:47:00,7,NA
"336","42","Gossas","fertilized","s4",NA,NA,NA,NA,NA,900,NA,NA,NA
"337","43","Gossas","control","s1",32.5,67.9,35,48,NA,NA,2019-09-04 16:30:00,41,NA
"338","43","Gossas","control","s2",35,59.3,80,8,NA,NA,2019-09-22 12:30:00,7,NA
"339","43","Gossas","control","s3",37.1,49.7,80,31,NA,NA,2019-10-11 10:31:00,26,NA
"340","43","Gossas","control","s4",NA,NA,NA,NA,NA,98,NA,NA,NA
"341","43","Gossas","fertilized","s1",32.5,67.9,35,36,NA,NA,2019-09-04 16:30:00,31,NA
"342","43","Gossas","fertilized","s2",35,59.3,30,8,NA,NA,2019-09-22 12:30:00,7,NA
"343","43","Gossas","fertilized","s3",36.9,53.8,30,11,NA,NA,2019-10-11 10:17:00,9,NA
"344","43","Gossas","fertilized","s4",NA,NA,NA,NA,NA,278,NA,NA,NA
"345","44","Gossas","control","s1",NA,NA,NA,NA,NA,NA,NA,NA,NA
"346","44","Gossas","control","s2",33,65.6,60,41,NA,NA,2019-09-22 09:50:00,35,NA
"347","44","Gossas","control","s3",NA,NA,NA,NA,NA,NA,NA,NA,NA
"348","44","Gossas","control","s4",NA,NA,NA,NA,NA,NA,NA,NA,NA
"349","44","Gossas","fertilized","s1",28.9,78.3,45,30,NA,NA,2019-09-05 08:51:00,26,NA
"350","44","Gossas","fertilized","s2",33,65.6,45,5,NA,NA,2019-09-05 08:51:00,4,NA
"351","44","Gossas","fertilized","s3",33,65.6,45,23,NA,NA,2019-10-12 08:27:00,20,NA
"352","44","Gossas","fertilized","s4",NA,NA,NA,NA,NA,248,NA,NA,NA
"353","45","Gossas","control","s1",28.7,80.7,50,26,NA,NA,2019-09-05 09:25:00,22,NA
"354","45","Gossas","control","s2",NA,NA,NA,NA,NA,NA,NA,NA,NA
"355","45","Gossas","control","s3",NA,NA,NA,NA,NA,NA,NA,NA,NA
"356","45","Gossas","control","s4",NA,NA,NA,NA,NA,NA,NA,NA,NA
"357","45","Gossas","fertilized","s1",28.7,80.7,50,29,NA,NA,2019-09-05 09:25:00,25,NA
"358","45","Gossas","fertilized","s2",NA,NA,NA,NA,NA,NA,NA,NA,NA
"359","45","Gossas","fertilized","s3",NA,NA,NA,NA,NA,NA,NA,NA,NA
"360","45","Gossas","fertilized","s4",NA,NA,NA,NA,NA,NA,NA,NA,NA
"361","46","Gossas","control","s1",36,63,35,69,NA,NA,2019-09-04 17:25:00,59,NA
"362","46","Gossas","control","s2",33.8,62.3,35,15,0.05,NA,2019-09-22 17:10:00,13,0.0425
"363","46","Gossas","control","s3",34,62,35,16,NA,NA,2019-10-09 16:24:00,14,NA
"364","46","Gossas","control","s4",NA,NA,NA,NA,NA,372,NA,NA,NA
"365","46","Gossas","fertilized","s1",35.2,56.2,35,50,NA,NA,2019-09-04 18:05:00,42,NA
"366","46","Gossas","fertilized","s2",34.3,60.5,30,11,0.01,NA,2019-09-22 17:20:00,9,0.0085
"367","46","Gossas","fertilized","s3",34,62.1,30,3,NA,NA,2019-10-09 16:38:00,3,NA
"368","46","Gossas","fertilized","s4",NA,NA,NA,NA,NA,558,NA,NA,NA
"369","47","Gossas","control","s1",28,77,30,27,NA,NA,2019-09-05 08:35:00,23,NA
"370","47","Gossas","control","s2",36,53.8,30,17,NA,NA,2019-09-21 12:35:00,14,NA
"371","47","Gossas","control","s3",NA,NA,NA,NA,NA,NA,NA,NA,NA
"372","47","Gossas","control","s4",NA,NA,NA,NA,NA,NA,NA,NA,NA
"373","47","Gossas","fertilized","s1",28.3,78,40,19,NA,NA,2019-09-05 08:45:00,16,NA
"374","47","Gossas","fertilized","s2",36,53.8,40,15,NA,NA,2019-09-21 12:45:00,13,NA
"375","47","Gossas","fertilized","s3",NA,NA,NA,NA,NA,NA,NA,NA,NA
"376","47","Gossas","fertilized","s4",NA,NA,NA,NA,NA,NA,NA,NA,NA
"377","48","Gossas","control","s1",31.6,50,40,17,NA,NA,2019-09-03 10:55:00,14,NA
"378","48","Gossas","control","s2",30.4,69.3,30,11,NA,NA,2019-09-22 08:35:00,9,NA
"379","48","Gossas","control","s3",35,60.6,30,37,NA,NA,2019-10-12 11:05:00,31,NA
"380","48","Gossas","control","s4",NA,NA,NA,NA,NA,NA,NA,NA,NA
"381","48","Gossas","fertilized","s1",31.6,50,35,50,NA,NA,2019-09-03 10:55:00,42,NA
"382","48","Gossas","fertilized","s2",30.4,69.3,45,12,NA,NA,2019-09-22 08:25:00,10,NA
"383","48","Gossas","fertilized","s3",35,60.6,45,24,NA,NA,2019-10-12 11:31:00,20,NA
"384","48","Gossas","fertilized","s4",NA,NA,NA,NA,NA,676,NA,NA,NA
"385","49","Gossas","control","s1",35,56,50,45,NA,NA,2019-09-03 13:30:00,38,NA
"386","49","Gossas","control","s2",35.9,53.7,50,24,0.1,NA,2019-09-21 17:39:00,20,0.085
"387","49","Gossas","control","s3",34.6,68.1,50,22,NA,NA,2019-10-10 11:53:00,19,NA
"388","49","Gossas","control","s4",NA,NA,NA,NA,NA,691,NA,NA,NA
"389","49","Gossas","fertilized","s1",35,56,50,23,NA,NA,2019-09-03 13:35:00,20,NA
"390","49","Gossas","fertilized","s2",35.9,53.7,50,8,0.05,NA,2019-09-21 17:32:00,7,0.0425
"391","49","Gossas","fertilized","s3",34.6,68.2,50,6,NA,NA,2019-10-10 12:57:00,5,NA
"392","49","Gossas","fertilized","s4",NA,NA,NA,NA,NA,996,NA,NA,NA
"393","50","Gossas","control","s1",34,58.5,50,42,NA,NA,2019-09-02 18:25:00,36,NA
"394","50","Gossas","control","s2",32.4,65.8,50,24,0.15,NA,2019-09-21 18:57:00,20,0.1275
"395","50","Gossas","control","s3",38.8,68.7,50,22,NA,NA,2019-10-11 11:36:00,19,NA
"396","50","Gossas","control","s4",NA,NA,NA,NA,NA,359,NA,NA,NA
"397","50","Gossas","fertilized","s1",34,58.5,45,46,NA,NA,2019-09-02 18:25:00,39,NA
"398","50","Gossas","fertilized","s2",32.4,65.8,45,4,0.01,NA,2019-09-21 18:57:00,3,0.0085
"399","50","Gossas","fertilized","s3",32.4,65.8,45,4,NA,NA,2019-10-11 18:57:00,3,NA
"400","50","Gossas","fertilized","s4",NA,NA,NA,NA,NA,453,NA,NA,NA
"401","51","Gniby","control","s1",40,52.8,20,23,NA,NA,2019-09-02 13:35:00,21,NA
"402","51","Gniby","control","s2",32.2,57.2,55,3,NA,NA,2019-09-22 09:00:00,3,NA
"403","51","Gniby","control","s3",35.4,50.8,55,11,NA,NA,2019-10-11 10:39:00,10,NA
"404","51","Gniby","control","s4",NA,NA,NA,NA,NA,540,NA,NA,NA
"405","51","Gniby","fertilized","s1",40,52.8,35,20,NA,NA,2019-09-02 13:27:00,18,NA
"406","51","Gniby","fertilized","s2",32.1,56.5,60,3,NA,NA,2019-09-22 09:13:00,3,NA
"407","51","Gniby","fertilized","s3",35.3,54.6,60,6,NA,NA,2019-10-11 10:29:00,5,NA
"408","51","Gniby","fertilized","s4",NA,NA,NA,NA,NA,720,NA,NA,NA
"409","52","Gniby","control","s1",40.3,45.1,20,33,NA,NA,2019-09-02 17:28:00,30,NA
"410","52","Gniby","control","s2",26,83,30,23,0.1,NA,2019-09-22 07:28:00,21,0.09
"411","52","Gniby","control","s3",34.4,56,30,42,NA,NA,2019-10-11 09:41:00,38,NA
"412","52","Gniby","control","s4",NA,NA,NA,NA,NA,95,NA,NA,NA
"413","52","Gniby","fertilized","s1",40.3,45.1,45,23,NA,NA,2019-09-02 17:20:00,21,NA
"414","52","Gniby","fertilized","s2",26,83,80,7,0.03,NA,2019-09-22 07:20:00,6,0.027
"415","52","Gniby","fertilized","s3",34.4,56,70,10,NA,NA,2019-10-11 09:42:00,9,NA
"416","52","Gniby","fertilized","s4",NA,NA,NA,NA,NA,630,NA,NA,NA
"417","53","Gniby","control","s1",36.7,56.6,45,17,NA,NA,2019-09-05 14:28:00,15,NA
"418","53","Gniby","control","s2",29,78,40,13,NA,NA,2019-09-22 08:00:00,12,NA
"419","53","Gniby","control","s3",36.4,43,40,6,NA,NA,2019-10-11 11:52:00,5,NA
"420","53","Gniby","control","s4",NA,NA,NA,NA,NA,214,NA,NA,NA
"421","53","Gniby","fertilized","s1",36.7,56.6,30,13,NA,NA,2019-09-05 14:20:00,12,NA
"422","53","Gniby","fertilized","s2",29,78,60,11,NA,NA,2019-09-22 08:10:00,10,NA
"423","53","Gniby","fertilized","s3",36.4,43.6,60,12,NA,NA,2019-10-11 11:52:00,11,NA
"424","53","Gniby","fertilized","s4",NA,NA,NA,NA,NA,722,NA,NA,NA
"425","54","Gniby","control","s1",35.4,61.2,25,24,NA,NA,2019-09-05 13:14:00,22,NA
"426","54","Gniby","control","s2",36.3,69.5,40,16,NA,NA,2019-09-22 14:13:00,14,NA
"427","54","Gniby","control","s3",30.7,68.3,55,17,0.1,NA,2019-10-11 08:22:00,15,0.09
"428","54","Gniby","control","s4",NA,NA,NA,NA,NA,130,NA,NA,NA
"429","54","Gniby","fertilized","s1",35.4,61.2,30,13,NA,NA,2019-09-05 13:38:00,12,NA
"430","54","Gniby","fertilized","s2",36.5,69.2,85,3,NA,NA,2019-09-22 14:03:00,3,NA
"431","54","Gniby","fertilized","s3",30.7,68.3,90,5,0.01,NA,2019-10-11 08:32:00,4,0.009
"432","54","Gniby","fertilized","s4",NA,NA,NA,NA,NA,630,NA,NA,NA
"433","55","Gniby","control","s1",NA,NA,NA,NA,NA,NA,NA,NA,NA
"434","55","Gniby","control","s2",NA,NA,NA,NA,NA,NA,NA,NA,NA
"435","55","Gniby","control","s3",NA,NA,NA,NA,NA,NA,NA,NA,NA
"436","55","Gniby","control","s4",NA,NA,NA,NA,NA,NA,NA,NA,NA
"437","55","Gniby","fertilized","s1",NA,NA,NA,NA,NA,NA,NA,NA,NA
"438","55","Gniby","fertilized","s2",NA,NA,NA,NA,NA,NA,NA,NA,NA
"439","55","Gniby","fertilized","s3",NA,NA,NA,NA,NA,NA,NA,NA,NA
"440","55","Gniby","fertilized","s4",NA,NA,NA,NA,NA,NA,NA,NA,NA
"441","56","Gniby","control","s1",28.8,83.3,20,74,0.25,NA,2019-09-02 07:27:00,67,0.225
"442","56","Gniby","control","s2",23,88,20,6,NA,NA,2019-09-22 08:50:00,5,NA
"443","56","Gniby","control","s3",31,67,60,18,0.15,NA,2019-10-11 08:20:00,16,0.135
"444","56","Gniby","control","s4",NA,NA,NA,NA,NA,150,NA,NA,NA
"445","56","Gniby","fertilized","s1",28.8,83.3,45,23,0.03,NA,2019-09-02 07:49:00,21,0.027
"446","56","Gniby","fertilized","s2",23,88,45,41,NA,NA,2019-09-22 08:58:00,37,NA
"447","56","Gniby","fertilized","s3",31,67,65,5,0,NA,2019-10-11 08:20:00,4,0
"448","56","Gniby","fertilized","s4",NA,NA,NA,NA,NA,500,NA,NA,NA
"449","57","Gniby","control","s1",34.1,65.6,50,67,0.4,NA,2019-09-02 09:42:00,60,0.36
"450","57","Gniby","control","s2",32,52,10,19,NA,NA,2019-09-23 09:00:00,17,NA
"451","57","Gniby","control","s3",35.5,50,15,18,NA,NA,2019-10-11 10:57:00,16,NA
"452","57","Gniby","control","s4",NA,NA,NA,NA,NA,160,NA,NA,NA
"453","57","Gniby","fertilized","s1",34.1,65.6,50,38,0.2,NA,2019-09-02 09:57:00,34,0.18
"454","57","Gniby","fertilized","s2",32,52,50,26,NA,NA,2019-09-23 09:15:00,23,NA
"455","57","Gniby","fertilized","s3",35.5,50,45,14,NA,NA,2019-10-11 10:51:00,13,NA
"456","57","Gniby","fertilized","s4",NA,NA,NA,NA,NA,400,NA,NA,NA
"457","58","Gniby","control","s1",NA,NA,NA,NA,NA,NA,NA,NA,NA
"458","58","Gniby","control","s2",NA,NA,NA,NA,NA,NA,NA,NA,NA
"459","58","Gniby","control","s3",NA,NA,NA,NA,NA,NA,NA,NA,NA
"460","58","Gniby","control","s4",NA,NA,NA,NA,NA,285,NA,NA,NA
"461","58","Gniby","fertilized","s1",40.9,48.3,30,35,NA,NA,2019-09-02 17:51:00,32,NA
"462","58","Gniby","fertilized","s2",29,72,35,7,NA,NA,2019-09-24 08:05:00,6,NA
"463","58","Gniby","fertilized","s3",38,44,80,16,NA,NA,2019-10-11 10:20:00,14,NA
"464","58","Gniby","fertilized","s4",NA,NA,NA,NA,NA,1170,NA,NA,NA
"465","59","Gniby","control","s1",41,47.2,35,17,NA,NA,2019-09-02 15:38:00,15,NA
"466","59","Gniby","control","s2",25,88,30,4,NA,NA,2019-09-23 07:38:00,4,NA
"467","59","Gniby","control","s3",31,67,40,8,NA,NA,2019-10-11 08:50:00,7,NA
"468","59","Gniby","control","s4",NA,NA,NA,NA,NA,285,NA,NA,NA
"469","59","Gniby","fertilized","s1",41,47.2,45,26,NA,NA,2019-09-02 15:26:00,23,NA
"470","59","Gniby","fertilized","s2",25,88,45,15,NA,NA,2019-09-23 07:10:00,14,NA
"471","59","Gniby","fertilized","s3",31,67,80,7,NA,NA,2019-10-11 08:30:00,6,NA
"472","59","Gniby","fertilized","s4",NA,NA,NA,NA,NA,665,NA,NA,NA
"473","60","Gniby","control","s1",32.6,70.5,20,23,NA,NA,2019-09-05 10:20:00,21,NA
"474","60","Gniby","control","s2",36.9,63.3,75,8,0,NA,2019-09-22 15:07:00,7,0
"475","60","Gniby","control","s3",32.7,62.9,85,11,NA,NA,2019-10-11 09:05:00,10,NA
"476","60","Gniby","control","s4",NA,NA,NA,NA,NA,NA,NA,NA,NA
"477","60","Gniby","fertilized","s1",32.6,70.5,45,2,NA,NA,2019-09-05 10:30:00,2,NA
"478","60","Gniby","fertilized","s2",36.9,63.2,85,2,0,NA,2019-09-22 15:16:00,2,0
"479","60","Gniby","fertilized","s3",32.7,62.9,95,3,NA,NA,2019-10-11 08:50:00,3,NA
"480","60","Gniby","fertilized","s4",NA,NA,NA,NA,NA,NA,NA,NA,NA
"481","61","Gniby","control","s1",37.5,55.2,50,34,0.2,NA,2019-09-02 16:27:00,31,0.18
"482","61","Gniby","control","s2",30,66,50,33,NA,NA,2019-09-23 09:37:00,30,NA
"483","61","Gniby","control","s3",36.6,43.9,40,53,0.15,NA,2019-10-11 17:30:00,48,0.135
"484","61","Gniby","control","s4",NA,NA,NA,NA,NA,341,NA,NA,NA
"485","61","Gniby","fertilized","s1",37.5,55.2,20,23,0.05,NA,2019-09-02 16:20:00,21,0.045
"486","61","Gniby","fertilized","s2",30,66,70,13,NA,NA,2019-09-23 09:20:00,12,NA
"487","61","Gniby","fertilized","s3",36.6,43.9,80,26,0.05,NA,2019-10-11 17:30:00,23,0.045
"488","61","Gniby","fertilized","s4",NA,NA,NA,NA,NA,465,NA,NA,NA
"489","62","Gniby","control","s1",33.9,61.2,30,28,NA,NA,2019-09-02 18:10:00,25,NA
"490","62","Gniby","control","s2",32,62,35,31,NA,NA,2019-09-24 18:10:00,28,NA
"491","62","Gniby","control","s3",38.4,37.7,90,30,0.1,NA,2019-10-11 16:15:00,27,0.09
"492","62","Gniby","control","s4",NA,NA,NA,NA,NA,375,NA,NA,NA
"493","62","Gniby","fertilized","s1",33.9,61.2,20,24,NA,NA,2019-09-02 18:01:00,22,NA
"494","62","Gniby","fertilized","s2",32,61.2,70,21,NA,NA,2019-09-24 18:01:00,19,NA
"495","62","Gniby","fertilized","s3",38.4,37.7,65,14,0.05,NA,2019-10-11 16:15:00,13,0.045
"496","62","Gniby","fertilized","s4",NA,NA,NA,NA,NA,674,NA,NA,NA
"497","63","Gniby","control","s1",33.1,66,35,25,NA,NA,2019-09-02 18:40:00,22,NA
"498","63","Gniby","control","s2",33.1,66,35,25,0.05,NA,2019-09-24 16:51:00,22,0.045
"499","63","Gniby","control","s3",NA,NA,NA,NA,NA,NA,NA,NA,NA
"500","63","Gniby","control","s4",NA,NA,NA,NA,NA,NA,NA,NA,NA
"501","63","Gniby","fertilized","s1",33.1,66,20,17,NA,NA,2019-09-02 18:50:00,15,NA
"502","63","Gniby","fertilized","s2",33.1,66,20,17,0.01,NA,2019-09-24 16:35:00,15,0.009
"503","63","Gniby","fertilized","s3",NA,NA,NA,NA,NA,NA,NA,NA,NA
"504","63","Gniby","fertilized","s4",NA,NA,NA,NA,NA,NA,NA,NA,NA
"505","64","Gniby","control","s1",32.2,66.1,45,31,NA,NA,2019-09-03 19:04:00,28,NA
"506","64","Gniby","control","s2",30,54,30,21,NA,NA,2019-09-24 08:07:00,19,NA
"507","64","Gniby","control","s3",32.6,68.5,30,46,NA,NA,2019-10-11 18:35:00,41,NA
"508","64","Gniby","control","s4",NA,NA,NA,NA,NA,263,NA,NA,NA
"509","64","Gniby","fertilized","s1",32.2,66.1,45,38,NA,NA,2019-09-03 19:17:00,34,NA
"510","64","Gniby","fertilized","s2",30,54,40,6,NA,NA,2019-09-24 08:36:00,5,NA
"511","64","Gniby","fertilized","s3",32.5,68.7,80,29,NA,NA,2019-10-11 18:25:00,26,NA
"512","64","Gniby","fertilized","s4",NA,NA,NA,NA,NA,786,NA,NA,NA
"513","65","Gniby","control","s1",38.1,52.5,50,26,NA,NA,2019-09-03 14:53:00,23,NA
"514","65","Gniby","control","s2",34.5,58,70,28,NA,NA,2019-09-24 13:34:00,25,NA
"515","65","Gniby","control","s3",38,42,50,14,NA,NA,2019-10-12 11:27:00,13,NA
"516","65","Gniby","control","s4",NA,NA,NA,NA,NA,NA,NA,NA,NA
"517","65","Gniby","fertilized","s1",38.1,52.5,60,24,NA,NA,2019-09-03 15:10:00,22,NA
"518","65","Gniby","fertilized","s2",34.5,58.9,60,11,NA,NA,2019-09-24 13:40:00,10,NA
"519","65","Gniby","fertilized","s3",36.5,43.4,85,4,NA,NA,2019-10-12 11:24:00,4,NA
"520","65","Gniby","fertilized","s4",NA,NA,NA,NA,NA,NA,NA,NA,NA
"521","66","Gniby","control","s1",NA,NA,NA,NA,NA,NA,NA,NA,NA
"522","66","Gniby","control","s2",NA,NA,NA,NA,NA,NA,NA,NA,NA
"523","66","Gniby","control","s3",NA,NA,NA,NA,NA,NA,NA,NA,NA
"524","66","Gniby","control","s4",NA,NA,NA,NA,NA,NA,NA,NA,NA
"525","66","Gniby","fertilized","s1",40.3,44.8,45,18,0.2,NA,2019-09-02 17:58:00,16,0.18
"526","66","Gniby","fertilized","s2",25,88,50,12,NA,NA,2019-09-23 07:58:00,11,NA
"527","66","Gniby","fertilized","s3",37.7,48.3,90,11,NA,NA,2019-10-11 10:14:00,10,NA
"528","66","Gniby","fertilized","s4",NA,NA,NA,NA,NA,600,NA,NA,NA
"529","67","Gniby","control","s1",32,67.5,50,9,NA,NA,2019-09-02 19:10:00,8,NA
"530","67","Gniby","control","s2",31,64,50,17,NA,NA,2019-09-24 10:32:00,15,NA
"531","67","Gniby","control","s3",32.8,64,30,18,NA,NA,2019-10-12 09:23:00,16,NA
"532","67","Gniby","control","s4",NA,NA,NA,NA,NA,NA,NA,NA,NA
"533","67","Gniby","fertilized","s1",32,67.5,40,4,0.01,NA,2019-09-02 19:18:00,4,0.009
"534","67","Gniby","fertilized","s2",32,64.8,40,6,NA,NA,2019-09-24 11:00:00,5,NA
"535","67","Gniby","fertilized","s3",32.8,64,80,14,NA,NA,2019-10-12 09:25:00,13,NA
"536","67","Gniby","fertilized","s4",NA,NA,NA,NA,NA,NA,NA,NA,NA
"537","68","Gniby","control","s1",32.6,74.1,40,29,NA,NA,2019-09-04 07:46:00,26,NA
"538","68","Gniby","control","s2",33,72.7,55,18,0.03,NA,2019-09-24 11:00:00,16,0.027
"539","68","Gniby","control","s3",37.5,50,70,24,NA,NA,2019-10-11 10:37:00,22,NA
"540","68","Gniby","control","s4",NA,NA,NA,NA,NA,95,NA,NA,NA
"541","68","Gniby","fertilized","s1",32.6,74.1,45,10,NA,NA,2019-09-04 07:58:00,9,NA
"542","68","Gniby","fertilized","s2",32.8,72.9,65,3,0,NA,2019-09-24 11:30:00,3,0
"543","68","Gniby","fertilized","s3",35.5,50,75,9,NA,NA,2019-10-11 10:44:00,8,NA
"544","68","Gniby","fertilized","s4",NA,NA,NA,NA,NA,300,NA,NA,NA
"545","69","Gniby","control","s1",38.8,57.2,60,45,NA,NA,2019-09-02 10:31:00,40,NA
"546","69","Gniby","control","s2",30,71,50,15,NA,NA,2019-09-24 08:06:00,14,NA
"547","69","Gniby","control","s3",38,45,65,8,NA,NA,2019-10-11 11:35:00,7,NA
"548","69","Gniby","control","s4",NA,NA,NA,NA,NA,300,NA,NA,NA
"549","69","Gniby","fertilized","s1",38.8,57.2,50,15,NA,NA,2019-09-02 10:43:00,14,NA
"550","69","Gniby","fertilized","s2",29,78,25,13,NA,NA,2019-09-24 08:37:00,12,NA
"551","69","Gniby","fertilized","s3",37.5,46,85,6,NA,NA,2019-10-11 11:12:00,5,NA
"552","69","Gniby","fertilized","s4",NA,NA,NA,NA,NA,975,NA,NA,NA
"553","70","Gniby","control","s1",41,48,45,17,NA,NA,2019-09-02 16:40:00,15,NA
"554","70","Gniby","control","s2",26,83,30,5,0,NA,2019-09-22 07:23:00,4,0
"555","70","Gniby","control","s3",34.4,56,35,1,NA,NA,2019-10-11 10:04:00,1,NA
"556","70","Gniby","control","s4",NA,NA,NA,NA,NA,190,NA,NA,NA
"557","70","Gniby","fertilized","s1",41,48,30,21,NA,NA,2019-09-02 16:59:00,19,NA
"558","70","Gniby","fertilized","s2",26,83,75,3,0,NA,2019-09-22 07:29:00,3,0
"559","70","Gniby","fertilized","s3",34.5,56,50,4,NA,NA,2019-10-11 10:12:00,4,NA
"560","70","Gniby","fertilized","s4",NA,NA,NA,NA,NA,760,NA,NA,NA
"561","71","Gniby","control","s1",31.6,73,20,13,NA,NA,2019-09-05 09:09:00,12,NA
"562","71","Gniby","control","s2",36.8,60.6,30,2,NA,NA,2019-09-23 15:16:00,2,NA
"563","71","Gniby","control","s3",38.7,36,65,14,NA,NA,2019-10-11 15:30:00,13,NA
"564","71","Gniby","control","s4",NA,NA,NA,NA,NA,140,NA,NA,NA
"565","71","Gniby","fertilized","s1",31.6,73,30,11,NA,NA,2019-09-05 09:27:00,10,NA
"566","71","Gniby","fertilized","s2",37.1,57,55,9,NA,NA,2019-09-23 15:32:00,8,NA
"567","71","Gniby","fertilized","s3",40.2,33.2,85,9,NA,NA,2019-10-11 15:10:00,8,NA
"568","71","Gniby","fertilized","s4",NA,NA,NA,NA,NA,510,NA,NA,NA
"569","72","Gniby","control","s1",40.1,47.2,20,36,0.25,NA,2019-09-02 12:34:00,32,0.225
"570","72","Gniby","control","s2",34.1,62.6,50,12,NA,NA,2019-09-24 13:23:00,11,NA
"571","72","Gniby","control","s3",36,43,55,23,0.1,NA,2019-10-11 11:43:00,21,0.09
"572","72","Gniby","control","s4",NA,NA,NA,NA,NA,56,NA,NA,NA
"573","72","Gniby","fertilized","s1",40.1,47.2,30,17,0.07,NA,2019-09-02 12:46:00,15,0.063
"574","72","Gniby","fertilized","s2",34,63.4,70,4,NA,NA,2019-09-24 13:09:00,4,NA
"575","72","Gniby","fertilized","s3",36,42.8,65,7,0,NA,2019-10-11 11:26:00,6,0
"576","72","Gniby","fertilized","s4",NA,NA,NA,NA,NA,240,NA,NA,NA
"577","73","Gniby","control","s1",39.6,48.7,50,35,NA,NA,2019-09-02 16:17:00,32,NA
"578","73","Gniby","control","s2",36.2,56.8,60,9,NA,NA,2019-09-23 14:07:00,8,NA
"579","73","Gniby","control","s3",36.4,43.1,80,4,NA,NA,2019-10-11 12:20:00,4,NA
"580","73","Gniby","control","s4",NA,NA,NA,NA,NA,160,NA,NA,NA
"581","73","Gniby","fertilized","s1",39.6,48.7,45,31,NA,NA,2019-09-02 16:28:00,28,NA
"582","73","Gniby","fertilized","s2",36.2,61.6,70,6,NA,NA,2019-09-23 14:19:00,5,NA
"583","73","Gniby","fertilized","s3",36.4,43,85,6,NA,NA,2019-10-11 12:33:00,5,NA
"584","73","Gniby","fertilized","s4",NA,NA,NA,NA,NA,200,NA,NA,NA
"585","74","Gniby","control","s1",33.5,72.3,40,8,NA,NA,2019-09-04 09:34:00,7,NA
"586","74","Gniby","control","s2",31.7,64.5,70,6,NA,NA,2019-09-22 10:21:00,5,NA
"587","74","Gniby","control","s3",32.5,57.1,75,5,NA,NA,2019-10-11 10:02:00,4,NA
"588","74","Gniby","control","s4",NA,NA,NA,NA,NA,364,NA,NA,NA
"589","74","Gniby","fertilized","s1",33.5,72.3,20,5,NA,NA,2019-09-04 09:48:00,4,NA
"590","74","Gniby","fertilized","s2",31.5,64.8,90,2,NA,NA,2019-09-22 10:33:00,2,NA
"591","74","Gniby","fertilized","s3",32.5,57.1,95,3,NA,NA,2019-10-11 10:02:00,3,NA
"592","74","Gniby","fertilized","s4",NA,NA,NA,NA,NA,1104,NA,NA,NA
"593","75","Gniby","control","s1",32.4,74,30,48,NA,NA,2019-09-04 08:42:00,43,NA
"594","75","Gniby","control","s2",30.8,71.8,85,7,NA,NA,2019-09-23 09:00:00,6,NA
"595","75","Gniby","control","s3",34.3,56,30,9,NA,NA,2019-10-11 09:39:00,8,NA
"596","75","Gniby","control","s4",NA,NA,NA,NA,NA,424,NA,NA,NA
"597","75","Gniby","fertilized","s1",32.4,74,20,27,NA,NA,2019-09-04 08:34:00,24,NA
"598","75","Gniby","fertilized","s2",30.5,71.6,90,1,NA,NA,2019-09-23 09:07:00,1,NA
"599","75","Gniby","fertilized","s3",34,56.2,90,4,NA,NA,2019-10-11 09:52:00,4,NA
"600","75","Gniby","fertilized","s4",NA,NA,NA,NA,NA,1320,NA,NA,NA
"601","76","Gniby","control","s1",39.4,50.5,50,23,0.05,NA,2019-09-04 16:07:00,21,0.045
"602","76","Gniby","control","s2",31,70,65,46,NA,NA,2019-09-23 08:41:00,41,NA
"603","76","Gniby","control","s3",39.6,36.6,65,20,0.05,NA,2019-10-11 15:45:00,18,0.045
"604","76","Gniby","control","s4",NA,NA,NA,NA,NA,186,NA,NA,NA
"605","76","Gniby","fertilized","s1",39.4,50.5,30,25,0.05,NA,2019-09-04 16:27:00,22,0.045
"606","76","Gniby","fertilized","s2",31,70,40,7,NA,NA,2019-09-23 08:56:00,6,NA
"607","76","Gniby","fertilized","s3",39.6,32.6,50,19,0.05,NA,2019-10-11 15:45:00,17,0.045
"608","76","Gniby","fertilized","s4",NA,NA,NA,NA,NA,558,NA,NA,NA
"609","77","Gniby","control","s1",37.6,57.6,45,16,NA,NA,2019-09-04 14:02:00,14,NA
"610","77","Gniby","control","s2",32,65,50,7,NA,NA,2019-09-22 10:13:00,6,NA
"611","77","Gniby","control","s3",36.4,44,75,17,NA,NA,2019-10-11 12:56:00,15,NA
"612","77","Gniby","control","s4",NA,NA,NA,NA,NA,516,NA,NA,NA
"613","77","Gniby","fertilized","s1",37.6,57.6,20,10,NA,NA,2019-09-04 14:20:00,9,NA
"614","77","Gniby","fertilized","s2",32,64,70,3,NA,NA,2019-09-22 10:19:00,3,NA
"615","77","Gniby","fertilized","s3",36.4,44,40,21,NA,NA,2019-10-11 12:40:00,19,NA
"616","77","Gniby","fertilized","s4",NA,NA,NA,NA,NA,860,NA,NA,NA
"617","78","Gniby","control","s1",37.4,59.2,40,30,NA,NA,2019-09-04 14:45:00,27,NA
"618","78","Gniby","control","s2",34,59.6,40,47,0.15,NA,2019-09-24 12:28:00,42,0.135
"619","78","Gniby","control","s3",37.7,38,40,38,0,NA,2019-10-11 15:11:00,34,0
"620","78","Gniby","control","s4",NA,NA,NA,NA,NA,480,NA,NA,NA
"621","78","Gniby","fertilized","s1",37.4,59.2,30,17,NA,NA,2019-09-04 14:58:00,15,NA
"622","78","Gniby","fertilized","s2",34.2,60,30,22,0.05,NA,2019-09-24 12:37:00,20,0.045
"623","78","Gniby","fertilized","s3",38.7,36,90,10,0,NA,2019-10-11 15:28:00,9,0
"624","78","Gniby","fertilized","s4",NA,NA,NA,NA,NA,520,NA,NA,NA
"625","79","Gniby","control","s1",41.7,52.3,45,8,0.05,NA,2019-09-02 11:38:00,7,0.045
"626","79","Gniby","control","s2",35.7,55.9,90,12,NA,NA,2019-09-23 11:43:00,11,NA
"627","79","Gniby","control","s3",36,43,95,17,NA,NA,2019-10-11 11:48:00,15,NA
"628","79","Gniby","control","s4",NA,NA,NA,NA,NA,160,NA,NA,NA
"629","79","Gniby","fertilized","s1",41.7,52.3,50,21,0.01,NA,2019-09-02 11:48:00,19,0.009
"630","79","Gniby","fertilized","s2",34.8,64.7,90,1,NA,NA,2019-09-23 11:54:00,1,NA
"631","79","Gniby","fertilized","s3",36,43,40,7,NA,NA,2019-10-11 12:05:00,6,NA
"632","79","Gniby","fertilized","s4",NA,NA,NA,NA,NA,800,NA,NA,NA
"633","80","Gniby","control","s1",37,59.6,45,12,NA,NA,2019-09-04 13:10:00,11,NA
"634","80","Gniby","control","s2",33,60.2,45,23,NA,NA,2019-09-22 10:16:00,21,NA
"635","80","Gniby","control","s3",37.4,39.5,60,10,NA,NA,2019-10-11 13:40:00,9,NA
"636","80","Gniby","control","s4",NA,NA,NA,NA,NA,70,NA,NA,NA
"637","80","Gniby","fertilized","s1",37,59.6,30,9,NA,NA,2019-09-04 13:24:00,8,NA
"638","80","Gniby","fertilized","s2",33.1,60,70,17,NA,NA,2019-09-22 10:08:00,15,NA
"639","80","Gniby","fertilized","s3",37.4,39.5,50,11,NA,NA,2019-10-11 13:23:00,10,NA
"640","80","Gniby","fertilized","s4",NA,NA,NA,NA,NA,540,NA,NA,NA
"641","81","Gniby","control","s1",37.7,59.5,35,21,NA,NA,2019-09-04 11:52:00,19,NA
"642","81","Gniby","control","s2",31,70,50,32,0.15,NA,2019-09-23 09:32:00,29,0.135
"643","81","Gniby","control","s3",39,30,90,11,0.05,NA,2019-10-11 13:55:00,10,0.045
"644","81","Gniby","control","s4",NA,NA,NA,NA,NA,272,NA,NA,NA
"645","81","Gniby","fertilized","s1",37.7,59.5,30,14,NA,NA,2019-09-04 11:57:00,13,NA
"646","81","Gniby","fertilized","s2",31,70,80,23,0.05,NA,2019-09-23 09:40:00,21,0.045
"647","81","Gniby","fertilized","s3",39,30,60,7,0.01,NA,2019-10-11 13:49:00,6,0.009
"648","81","Gniby","fertilized","s4",NA,NA,NA,NA,NA,650,NA,NA,NA
"649","82","Gniby","control","s1",35.7,68,35,9,NA,NA,2019-09-04 10:34:00,8,NA
"650","82","Gniby","control","s2",29,78,80,12,NA,NA,2019-09-23 07:26:00,11,NA
"651","82","Gniby","control","s3",37.6,42,90,36,NA,NA,2019-10-11 13:25:00,32,NA
"652","82","Gniby","control","s4",NA,NA,NA,NA,NA,250,NA,NA,NA
"653","82","Gniby","fertilized","s1",35.7,68,50,27,NA,NA,2019-09-04 10:44:00,24,NA
"654","82","Gniby","fertilized","s2",29,78,60,7,NA,NA,2019-09-23 07:34:00,6,NA
"655","82","Gniby","fertilized","s3",38,42,80,28,NA,NA,2019-10-11 13:13:00,25,NA
"656","82","Gniby","fertilized","s4",NA,NA,NA,NA,NA,465,NA,NA,NA
"657","83","Gniby","control","s1",37,57.7,30,14,0.01,NA,2019-09-04 12:56:00,13,0.009
"658","83","Gniby","control","s2",29,76.8,60,13,NA,NA,2019-09-24 08:13:00,12,NA
"659","83","Gniby","control","s3",36.5,44,90,18,NA,NA,2019-10-12 12:48:00,16,NA
"660","83","Gniby","control","s4",NA,NA,NA,NA,NA,370,NA,NA,NA
"661","83","Gniby","fertilized","s1",37,57.7,25,11,0,NA,2019-09-04 12:38:00,10,0
"662","83","Gniby","fertilized","s2",29,77,75,2,NA,NA,2019-09-24 08:20:00,2,NA
"663","83","Gniby","fertilized","s3",36,46,75,13,NA,NA,2019-10-12 12:40:00,12,NA
"664","83","Gniby","fertilized","s4",NA,NA,NA,NA,NA,615,NA,NA,NA
"665","84","Gniby","control","s1",31.7,65.8,30,21,NA,NA,2019-09-03 09:33:00,19,NA
"666","84","Gniby","control","s2",29,73,30,19,NA,NA,2019-09-22 18:43:00,17,NA
"667","84","Gniby","control","s3",34,59,59,26,0.1,NA,2019-10-12 09:51:00,23,0.09
"668","84","Gniby","control","s4",NA,NA,NA,NA,NA,270,NA,NA,NA
"669","84","Gniby","fertilized","s1",31.7,65.8,25,27,NA,NA,2019-09-03 09:45:00,24,NA
"670","84","Gniby","fertilized","s2",29,73.7,75,41,NA,NA,2019-09-22 18:51:00,37,NA
"671","84","Gniby","fertilized","s3",34,59,50,10,0,NA,2019-10-12 09:52:00,9,0
"672","84","Gniby","fertilized","s4",NA,NA,NA,NA,NA,900,NA,NA,NA
"673","85","Gniby","control","s1",38.7,58.7,30,64,NA,NA,2019-09-03 13:17:00,58,NA
"674","85","Gniby","control","s2",34.3,56,60,31,NA,NA,2019-09-23 10:45:00,28,NA
"675","85","Gniby","control","s3",38.4,35.6,30,9,NA,NA,2019-10-12 11:53:00,8,NA
"676","85","Gniby","control","s4",NA,NA,NA,NA,NA,350,NA,NA,NA
"677","85","Gniby","fertilized","s1",38.7,58.7,35,77,NA,NA,2019-09-03 13:28:00,69,NA
"678","85","Gniby","fertilized","s2",35,56,75,12,NA,NA,2019-09-23 11:30:00,11,NA
"679","85","Gniby","fertilized","s3",38.4,35.6,55,16,NA,NA,2019-10-12 11:55:00,14,NA
"680","85","Gniby","fertilized","s4",NA,NA,NA,NA,NA,645,NA,NA,NA
"681","86","Gniby","control","s1",39.5,51.5,45,52,0.2,NA,2019-09-03 12:06:00,47,0.18
"682","86","Gniby","control","s2",34,57,80,18,NA,NA,2019-09-23 11:51:00,16,NA
"683","86","Gniby","control","s3",37.5,47.7,35,14,NA,NA,2019-10-12 10:58:00,13,NA
"684","86","Gniby","control","s4",NA,NA,NA,NA,NA,450,NA,NA,NA
"685","86","Gniby","fertilized","s1",39.5,51.5,40,56,0.15,NA,2019-09-03 12:20:00,50,0.135
"686","86","Gniby","fertilized","s2",34,57,60,8,NA,NA,2019-09-23 11:59:00,7,NA
"687","86","Gniby","fertilized","s3",35,53,90,2,NA,NA,2019-10-12 10:59:00,2,NA
"688","86","Gniby","fertilized","s4",NA,NA,NA,NA,NA,500,NA,NA,NA
"689","87","Gniby","control","s1",37.1,57.2,45,32,NA,NA,2019-09-02 16:05:00,29,NA
"690","87","Gniby","control","s2",30,70,50,7,NA,NA,2019-09-23 17:38:00,6,NA
"691","87","Gniby","control","s3",32.5,68.9,30,52,0.15,NA,2019-10-11 18:25:00,47,0.135
"692","87","Gniby","control","s4",NA,NA,NA,NA,NA,50,NA,NA,NA
"693","87","Gniby","fertilized","s1",37.1,57.2,40,18,NA,NA,2019-09-02 16:10:00,16,NA
"694","87","Gniby","fertilized","s2",30,70,35,20,NA,NA,2019-09-23 17:52:00,18,NA
"695","87","Gniby","fertilized","s3",32.5,68.9,35,25,0.05,NA,2019-10-11 18:40:00,22,0.045
"696","87","Gniby","fertilized","s4",NA,NA,NA,NA,NA,200,NA,NA,NA
"697","88","Gniby","control","s1",30.5,76.1,45,13,NA,NA,2019-09-05 08:29:00,12,NA
"698","88","Gniby","control","s2",37.6,62.1,80,4,NA,NA,2019-09-24 14:48:00,4,NA
"699","88","Gniby","control","s3",39.6,36.5,90,4,NA,NA,2019-10-11 15:40:00,4,NA
"700","88","Gniby","control","s4",NA,NA,NA,NA,NA,NA,NA,NA,NA
"701","88","Gniby","fertilized","s1",30.5,76.1,30,0,NA,NA,2019-09-05 08:45:00,0,NA
"702","88","Gniby","fertilized","s2",37.7,61.5,90,1,NA,NA,2019-09-24 14:57:00,1,NA
"703","88","Gniby","fertilized","s3",39.6,36.6,95,4,NA,NA,2019-10-11 15:54:00,4,NA
"704","88","Gniby","fertilized","s4",NA,NA,NA,NA,NA,610,NA,NA,NA
"705","89","Gniby","control","s1",NA,NA,NA,NA,NA,NA,NA,NA,NA
"706","89","Gniby","control","s2",NA,NA,NA,NA,NA,NA,NA,NA,NA
"707","89","Gniby","control","s3",NA,NA,NA,NA,NA,NA,NA,NA,NA
"708","89","Gniby","control","s4",NA,NA,NA,NA,NA,NA,NA,NA,NA
"709","89","Gniby","fertilized","s1",NA,NA,NA,NA,NA,NA,NA,NA,NA
"710","89","Gniby","fertilized","s2",NA,NA,NA,NA,NA,NA,NA,NA,NA
"711","89","Gniby","fertilized","s3",NA,NA,NA,NA,NA,NA,NA,NA,NA
"712","89","Gniby","fertilized","s4",NA,NA,NA,NA,NA,NA,NA,NA,NA
"713","90","Gniby","control","s1",35.7,64.8,35,27,NA,NA,2019-09-05 12:00:00,24,NA
"714","90","Gniby","control","s2",36.3,62.9,90,5,NA,NA,2019-09-24 15:12:00,4,NA
"715","90","Gniby","control","s3",37.4,39.4,85,15,NA,NA,2019-10-11 13:04:00,14,NA
"716","90","Gniby","control","s4",NA,NA,NA,NA,NA,400,NA,NA,NA
"717","90","Gniby","fertilized","s1",35.7,64.8,45,11,NA,NA,2019-09-05 12:10:00,10,NA
"718","90","Gniby","fertilized","s2",36.3,62.9,95,2,NA,NA,2019-09-24 15:12:00,2,NA
"719","90","Gniby","fertilized","s3",37.4,39.5,98,7,NA,NA,2019-10-11 13:23:00,6,NA
"720","90","Gniby","fertilized","s4",NA,NA,NA,NA,NA,1040,NA,NA,NA
"721","91","Gniby","control","s1",30,72.6,45,57,NA,NA,2019-09-03 08:42:00,51,NA
"722","91","Gniby","control","s2",29.1,74,80,9,0.05,NA,2019-09-25 07:51:00,8,0.045
"723","91","Gniby","control","s3",38.9,37.5,15,37,0,NA,2019-10-12 12:33:00,33,0
"724","91","Gniby","control","s4",NA,NA,NA,NA,NA,NA,NA,NA,NA
"725","91","Gniby","fertilized","s1",30,72.6,50,33,NA,NA,2019-09-03 08:50:00,30,NA
"726","91","Gniby","fertilized","s2",29,74.5,75,35,0.1,NA,2019-09-25 07:59:00,32,0.09
"727","91","Gniby","fertilized","s3",38.9,37,70,28,0,NA,2019-10-12 12:34:00,25,0
"728","91","Gniby","fertilized","s4",NA,NA,NA,NA,NA,NA,NA,NA,NA
"729","92","Gniby","control","s1",35.9,68.2,50,8,NA,NA,2019-09-05 13:30:00,7,NA
"730","92","Gniby","control","s2",NA,NA,NA,NA,NA,NA,NA,NA,NA
"731","92","Gniby","control","s3",30.2,74.1,90,21,NA,NA,2019-10-12 08:30:00,19,NA
"732","92","Gniby","control","s4",NA,NA,NA,NA,NA,NA,NA,NA,NA
"733","92","Gniby","fertilized","s1",35.9,68.2,30,15,NA,NA,2019-09-05 13:45:00,14,NA
"734","92","Gniby","fertilized","s2",NA,NA,NA,NA,NA,NA,NA,NA,NA
"735","92","Gniby","fertilized","s3",30,74,90,14,NA,NA,2019-10-12 08:26:00,13,NA
"736","92","Gniby","fertilized","s4",NA,NA,NA,NA,NA,NA,NA,NA,NA
"737","93","Gniby","control","s1",NA,NA,NA,NA,NA,NA,NA,NA,NA
"738","93","Gniby","control","s2",NA,NA,NA,NA,NA,NA,NA,NA,NA
"739","93","Gniby","control","s3",NA,NA,NA,NA,NA,NA,NA,NA,NA
"740","93","Gniby","control","s4",NA,NA,NA,NA,NA,NA,NA,NA,NA
"741","93","Gniby","fertilized","s1",35.1,71.7,20,20,NA,NA,2019-09-05 10:49:00,18,NA
"742","93","Gniby","fertilized","s2",35.3,62.5,95,3,NA,NA,2019-09-25 12:23:00,3,NA
"743","93","Gniby","fertilized","s3",36.4,44,95,5,NA,NA,2019-10-11 12:51:00,4,NA
"744","93","Gniby","fertilized","s4",NA,NA,NA,NA,NA,1200,NA,NA,NA
"745","94","Gniby","control","s1",40.4,45.1,30,21,0.05,NA,2019-09-02 15:40:00,19,0.045
"746","94","Gniby","control","s2",26,88,35,20,NA,NA,2019-09-25 07:32:00,18,NA
"747","94","Gniby","control","s3",33.5,70,50,9,NA,NA,2019-10-11 09:11:00,8,NA
"748","94","Gniby","control","s4",NA,NA,NA,NA,NA,75,NA,NA,NA
"749","94","Gniby","fertilized","s1",40.4,45.1,45,14,0,NA,2019-09-02 15:26:00,13,0
"750","94","Gniby","fertilized","s2",26,88,25,3,NA,NA,2019-09-25 07:19:00,3,NA
"751","94","Gniby","fertilized","s3",33.5,66,35,12,NA,NA,2019-10-11 09:11:00,11,NA
"752","94","Gniby","fertilized","s4",NA,NA,NA,NA,NA,135,NA,NA,NA
"753","95","Gniby","control","s1",36.6,56.9,30,28,NA,NA,2019-09-02 16:35:00,25,NA
"754","95","Gniby","control","s2",30,71,50,10,NA,NA,2019-09-25 09:07:00,9,NA
"755","95","Gniby","control","s3",32,70,60,5,NA,NA,2019-10-12 09:07:00,4,NA
"756","95","Gniby","control","s4",NA,NA,NA,NA,NA,NA,NA,NA,NA
"757","95","Gniby","fertilized","s1",36.6,56.9,40,7,NA,NA,2019-09-02 16:45:00,6,NA
"758","95","Gniby","fertilized","s2",30,71,75,16,NA,NA,2019-09-25 08:52:00,14,NA
"759","95","Gniby","fertilized","s3",32,68,80,10,NA,NA,2019-10-12 09:05:00,9,NA
"760","95","Gniby","fertilized","s4",NA,NA,NA,NA,NA,NA,NA,NA,NA
"761","96","Gniby","control","s1",38.7,64,30,17,NA,NA,2019-09-05 15:05:00,15,NA
"762","96","Gniby","control","s2",29,73.2,40,33,NA,NA,2019-09-25 08:14:00,30,NA
"763","96","Gniby","control","s3",36.7,43.2,40,30,NA,NA,2019-10-11 17:00:00,27,NA
"764","96","Gniby","control","s4",NA,NA,NA,NA,NA,50,NA,NA,NA
"765","96","Gniby","fertilized","s1",38.7,64,25,10,NA,NA,2019-09-05 15:16:00,9,NA
"766","96","Gniby","fertilized","s2",28.9,74,55,9,NA,NA,2019-09-25 08:05:00,8,NA
"767","96","Gniby","fertilized","s3",37.5,40.6,55,18,NA,NA,2019-10-11 16:59:00,16,NA
"768","96","Gniby","fertilized","s4",NA,NA,NA,NA,NA,190,NA,NA,NA
"769","97","Gniby","control","s1",34.4,59.5,40,77,NA,NA,2019-09-02 17:20:00,69,NA
"770","97","Gniby","control","s2",32,54,90,33,0.15,NA,2019-09-25 11:23:00,30,0.135
"771","97","Gniby","control","s3",37.6,40.6,30,57,0,NA,2019-10-11 16:49:00,51,0
"772","97","Gniby","control","s4",NA,NA,NA,NA,NA,NA,NA,NA,NA
"773","97","Gniby","fertilized","s1",34.4,59.5,50,40,NA,NA,2019-09-02 17:29:00,36,NA
"774","97","Gniby","fertilized","s2",32,54,50,4,0,NA,2019-09-25 11:31:00,4,0
"775","97","Gniby","fertilized","s3",37.6,40.6,60,36,0,NA,2019-10-11 16:47:00,32,0
"776","97","Gniby","fertilized","s4",NA,NA,NA,NA,NA,262,NA,NA,NA
"777","98","Gniby","control","s1",NA,NA,NA,NA,NA,NA,NA,NA,NA
"778","98","Gniby","control","s2",37.4,56.9,50,11,NA,NA,NA,10,NA
"779","98","Gniby","control","s3",38.4,37.7,65,13,NA,NA,2019-10-11 16:28:00,12,NA
"780","98","Gniby","control","s4",NA,NA,NA,NA,NA,160,NA,NA,NA
"781","98","Gniby","fertilized","s1",30.5,73.4,60,3,NA,NA,2019-09-05 07:53:00,3,NA
"782","98","Gniby","fertilized","s2",37.3,59,75,5,NA,NA,2019-09-22 14:30:00,4,NA
"783","98","Gniby","fertilized","s3",38.4,37.7,75,7,NA,NA,2019-10-11 16:12:00,6,NA
"784","98","Gniby","fertilized","s4",NA,NA,NA,NA,NA,720,NA,NA,NA
"785","99","Gniby","control","s1",32.2,74.4,25,23,NA,NA,2019-09-04 08:58:00,21,NA
"786","99","Gniby","control","s2",30.4,68.3,65,6,NA,NA,2019-09-25 09:03:00,5,NA
"787","99","Gniby","control","s3",32.4,67.8,50,20,NA,NA,2019-10-11 09:27:00,18,NA
"788","99","Gniby","control","s4",NA,NA,NA,NA,NA,140,NA,NA,NA
"789","99","Gniby","fertilized","s1",32.2,74.4,40,15,NA,NA,2019-09-04 09:17:00,14,NA
"790","99","Gniby","fertilized","s2",30.2,68.5,85,1,NA,NA,2019-09-25 09:24:00,1,NA
"791","99","Gniby","fertilized","s3",30.2,68.5,90,4,NA,NA,2019-10-12 09:18:00,4,NA
"792","99","Gniby","fertilized","s4",NA,NA,NA,NA,NA,780,NA,NA,NA
"793","100","Gniby","control","s1",37.7,52.8,50,23,NA,NA,2019-09-03 11:11:00,21,NA
"794","100","Gniby","control","s2",25,78,45,12,0.1,NA,2019-09-24 07:17:00,11,0.09
"795","100","Gniby","control","s3",25,78,45,3,0.1,NA,2019-10-12 10:03:00,3,0.09
"796","100","Gniby","control","s4",NA,NA,NA,NA,NA,100,NA,NA,NA
"797","100","Gniby","fertilized","s1",37.7,52.8,45,24,NA,NA,2019-09-03 11:24:00,22,NA
"798","100","Gniby","fertilized","s2",25,78,80,4,0.01,NA,2019-09-24 07:33:00,4,0.009
"799","100","Gniby","fertilized","s3",25,78,70,18,0.01,NA,2019-10-12 10:35:00,16,0.009
"800","100","Gniby","fertilized","s4",NA,NA,NA,NA,NA,320,NA,NA,NA
