"","farmer_num","mission","village","treatment","yield","latitude","longitude","temp_c","humidity_percent","ground_cover_percent","ose_num","att_mil","datetime"
"1","1","m1","Gossas","control",279,14.4500708333333,-16.0667727777778,37.3,50,45,20.4,NA,2019-09-04 16:27:00
"2","1","m2","Gossas","control",279,14.4500708333333,-16.0667727777778,33.5,60,55,11.9,0.05,2019-09-21 11:05:00
"3","1","m3","Gossas","control",279,14.4500708333333,-16.0667727777778,34,69.2,55,24.65,NA,2019-10-11 18:10:00
"4","1","m1","Gossas","fertilized",595,14.45006,-16.0667794444444,37.3,50,45,12.75,NA,2019-09-04 16:27:00
"5","1","m2","Gossas","fertilized",595,14.45006,-16.0667794444444,34,58,45,10.2,0.05,2019-09-21 11:05:00
"6","1","m3","Gossas","fertilized",595,14.45006,-16.0667794444444,34,69.2,45,12.75,NA,2019-10-11 17:47:00
"7","2","m1","Gossas","control",250,14.4500652777778,-16.0667619444444,33,47,55,68.85,0.05,2019-09-01 12:10:00
"8","2","m2","Gossas","control",250,14.4500652777778,-16.0667619444444,31,67.8,55,11.9,NA,2019-09-21 09:20:00
"9","2","m3","Gossas","control",250,14.4500652777778,-16.0667619444444,33.5,68.4,55,17,0.05,2019-10-11 09:20:00
"10","2","m1","Gossas","fertilized",750,14.4500616666667,-16.0667855555556,33,47,45,23.8,0,2019-09-01 12:10:00
"11","2","m2","Gossas","fertilized",750,14.4500616666667,-16.0667855555556,31,67.8,45,25.5,NA,2019-09-21 09:20:00
"12","2","m3","Gossas","fertilized",750,14.4500616666667,-16.0667855555556,33.7,68.5,45,5.1,0,2019-10-11 09:03:00
"13","3","m1","Gossas","control",NA,14.4500663888889,-16.0667908333333,34.5,88,60,64.6,0.05,2019-09-02 10:00:00
"14","3","m2","Gossas","control",NA,14.4500663888889,-16.0667908333333,34.5,58.5,60,11.9,NA,2019-09-21 09:55:00
"15","3","m3","Gossas","control",NA,14.4500663888889,-16.0667908333333,33.8,66.7,60,34.85,0.1,2019-10-11 08:17:00
"16","3","m1","Gossas","fertilized",200,14.4500622222222,-16.0667866666667,35,78,50,41.65,0,2019-09-02 10:00:00
"17","3","m2","Gossas","fertilized",200,14.4500622222222,-16.0667866666667,34.5,58,50,17,0,2019-09-21 10:01:00
"18","3","m3","Gossas","fertilized",200,14.4500622222222,-16.0667866666667,33.8,66.7,50,12.75,0.05,2019-10-11 08:36:00
"19","4","m1","Gossas","control",NA,NA,NA,36,61,45,50.15,0.05,2019-09-03 11:38:00
"20","4","m2","Gossas","control",NA,NA,NA,NA,NA,NA,NA,NA,NA
"21","4","m3","Gossas","control",NA,NA,NA,NA,NA,NA,NA,NA,NA
"22","4","m1","Gossas","fertilized",NA,NA,NA,36.3,62,40,17.85,NA,2019-09-03 11:38:00
"23","4","m2","Gossas","fertilized",NA,NA,NA,NA,NA,NA,NA,NA,NA
"24","4","m3","Gossas","fertilized",NA,NA,NA,NA,NA,NA,NA,NA,NA
"25","5","m1","Gossas","control",NA,14.4500675,-16.0667913888889,32.4,51,55,15.3,NA,2019-09-01 12:10:00
"26","5","m2","Gossas","control",NA,14.4500675,-16.0667913888889,34.5,56,65,17.85,NA,2019-09-21 12:10:00
"27","5","m3","Gossas","control",NA,14.4500675,-16.0667913888889,34.5,56,65,39.95,0.15,2019-10-11 12:10:00
"28","5","m1","Gossas","fertilized",NA,14.4500688888889,-16.0667863888889,32,51,60,34.85,0.03,2019-09-01 12:10:00
"29","5","m2","Gossas","fertilized",NA,14.4500688888889,-16.0667863888889,34,57,50,39.95,NA,2019-09-21 12:10:00
"30","5","m3","Gossas","fertilized",NA,14.4500688888889,-16.0667863888889,34,57,50,17.85,0.05,2019-10-11 12:10:00
"31","6","m1","Gossas","control",NA,NA,NA,NA,NA,NA,NA,NA,NA
"32","6","m2","Gossas","control",NA,NA,NA,NA,NA,NA,NA,NA,NA
"33","6","m3","Gossas","control",NA,NA,NA,NA,NA,NA,NA,NA,NA
"34","6","m1","Gossas","fertilized",NA,NA,NA,NA,NA,NA,NA,NA,NA
"35","6","m2","Gossas","fertilized",NA,NA,NA,NA,NA,NA,NA,NA,NA
"36","6","m3","Gossas","fertilized",NA,NA,NA,NA,NA,NA,NA,NA,NA
"37","7","m1","Gossas","control",NA,14.4666736111111,-16.0500938888889,33.2,65.8,30,34,0.1,2019-09-02 16:18:00
"38","7","m2","Gossas","control",NA,14.4666736111111,-16.0500938888889,35.4,56,45,27.2,NA,2019-09-21 11:56:00
"39","7","m3","Gossas","control",NA,14.4666736111111,-16.0500938888889,35.4,56,45,27.2,NA,2019-10-12 11:56:00
"40","7","m1","Gossas","fertilized",700,14.4666736111111,-16.0500947222222,33.2,65.8,30,25.5,0.05,2019-09-02 16:25:00
"41","7","m2","Gossas","fertilized",700,14.4666736111111,-16.0500947222222,35.4,56,30,14.45,NA,2019-09-21 12:56:00
"42","7","m3","Gossas","fertilized",700,14.4666736111111,-16.0500947222222,35.4,56,30,14.45,NA,2019-10-12 12:56:00
"43","8","m1","Gossas","control",150,14.4500377777778,-16.0500566666667,29,76,40,29.75,NA,2019-09-05 08:43:00
"44","8","m2","Gossas","control",150,14.4500377777778,-16.0500566666667,35.4,55.9,60,35.7,NA,2019-09-21 12:53:00
"45","8","m3","Gossas","control",150,14.4500377777778,-16.0500566666667,34,69,60,26.35,NA,2019-10-12 10:00:00
"46","8","m1","Gossas","fertilized",200,14.4500252777778,-16.0500625,29,76,50,16.15,NA,2019-09-05 08:48:00
"47","8","m2","Gossas","fertilized",200,14.4500252777778,-16.0500625,35.4,55.9,40,22.95,NA,2019-09-21 12:53:00
"48","8","m3","Gossas","fertilized",200,14.4500252777778,-16.0500625,34,69,40,19.55,NA,2019-10-12 10:18:00
"49","9","m1","Gossas","control",302,14.5000608333333,-16.0333355555556,34.9,53.2,65,34.85,NA,2019-09-02 17:40:00
"50","9","m2","Gossas","control",302,14.5000608333333,-16.0333355555556,35.2,57.3,15,5.1,0,2019-09-21 13:10:00
"51","9","m3","Gossas","control",302,14.5000608333333,-16.0333355555556,34.2,67.8,15,11.05,0,2019-10-10 12:05:00
"52","9","m1","Gossas","fertilized",436,14.5000558333333,NA,34.9,53.2,45,31.45,NA,2019-09-02 17:40:00
"53","9","m2","Gossas","fertilized",436,14.5000558333333,NA,35.2,57.3,45,8.5,0.01,2019-09-21 13:15:00
"54","9","m3","Gossas","fertilized",436,14.5000558333333,NA,34.2,67.8,45,15.3,NA,2019-10-10 12:12:00
"55","10","m1","Gossas","control",50,14.4667705555556,-16.0834113888889,32,80,40,37.4,0.05,2019-09-02 16:45:00
"56","10","m2","Gossas","control",50,14.4667705555556,-16.0834113888889,34.2,64.4,65,13.6,NA,2019-09-22 11:30:00
"57","10","m3","Gossas","control",50,14.4667705555556,-16.0834113888889,33.6,65,65,9.35,NA,2019-10-09 15:32:00
"58","10","m1","Gossas","fertilized",100,NA,-16.0834036111111,32,80,45,85,0.03,2019-09-02 16:45:00
"59","10","m2","Gossas","fertilized",100,NA,-16.0834036111111,34.2,64.4,60,10.2,NA,2019-09-22 11:45:00
"60","10","m3","Gossas","fertilized",100,NA,-16.0834036111111,33.6,65,60,3.4,NA,2019-10-09 15:45:00
"61","11","m1","Gossas","control",1400,14.5000161111111,-16.05005,35.3,57.8,50,23.8,NA,2019-09-03 10:08:00
"62","11","m2","Gossas","control",1400,14.5000161111111,-16.05005,37.6,49.8,50,5.95,NA,2019-09-21 16:49:00
"63","11","m3","Gossas","control",1400,14.5000161111111,-16.05005,33.9,64.9,50,7.65,NA,2019-10-10 10:21:00
"64","11","m1","Gossas","fertilized",2216,14.5001311111111,-16.0501236111111,35.3,57.8,60,32.3,NA,2019-09-03 10:08:00
"65","11","m2","Gossas","fertilized",2216,14.5001311111111,-16.0501236111111,37.6,49.8,60,8.5,NA,2019-09-21 10:53:00
"66","11","m3","Gossas","fertilized",2216,14.5001311111111,-16.0501236111111,33.9,64.9,60,3.4,NA,2019-10-10 10:09:00
"67","12","m1","Gossas","control",190,14.5000172222222,-16.0500538888889,29.9,74,40,21.25,0.05,2019-09-05 10:25:00
"68","12","m2","Gossas","control",190,14.5000172222222,-16.0500538888889,31.4,74,45,10.2,NA,2019-09-23 08:25:00
"69","12","m3","Gossas","control",190,14.5000172222222,-16.0500538888889,34,67,45,13.6,0.05,2019-10-10 09:08:00
"70","12","m1","Gossas","fertilized",390,14.5001561111111,-16.050095,29.9,74,50,27.2,0.01,2019-09-05 10:30:00
"71","12","m2","Gossas","fertilized",390,14.5001561111111,-16.050095,31.5,73.8,40,4.25,NA,2019-09-23 08:30:00
"72","12","m3","Gossas","fertilized",390,14.5001561111111,-16.050095,34,67,40,4.25,NA,2019-10-10 09:19:00
"73","13","m1","Gossas","control",160,NA,-16.0334363888889,36.9,52.3,30,32.3,NA,2019-09-03 11:30:00
"74","13","m2","Gossas","control",160,NA,-16.0334363888889,31.6,72.3,65,7.65,NA,2019-09-23 09:48:00
"75","13","m3","Gossas","control",160,NA,-16.0334363888889,36.4,71,65,18.7,0.05,2019-10-12 16:48:00
"76","13","m1","Gossas","fertilized",1126,14.5001116666667,-16.0334155555556,36.9,52.3,50,15.3,NA,2019-09-03 11:00:00
"77","13","m2","Gossas","fertilized",1126,14.5001116666667,-16.0334155555556,32,73,45,5.1,NA,2019-09-23 09:30:00
"78","13","m3","Gossas","fertilized",1126,14.5001116666667,-16.0334155555556,36.4,71,45,17,0.05,2019-10-12 16:59:00
"79","14","m1","Gossas","control",NA,14.5001169444444,-16.0500480555556,33.6,58.3,45,23.8,NA,2019-09-03 09:45:00
"80","14","m2","Gossas","control",NA,14.5001169444444,-16.0500480555556,29.5,79.5,65,7.65,NA,2019-09-22 08:22:00
"81","14","m3","Gossas","control",NA,14.5001169444444,-16.0500480555556,NA,NA,NA,NA,NA,NA
"82","14","m1","Gossas","fertilized",485,14.5001002777778,-16.0500402777778,33.6,58.3,20,16.15,NA,2019-09-03 09:45:00
"83","14","m2","Gossas","fertilized",485,14.5001002777778,-16.0500402777778,29.5,79.5,30,1.7,NA,2019-09-22 08:17:00
"84","14","m3","Gossas","fertilized",485,14.5001002777778,-16.0500402777778,30,79,30,9.35,NA,2019-10-10 09:30:00
"85","15","m1","Gossas","control",NA,14.5001452777778,-16.0335513888889,35,55,45,28.05,0.1,2019-09-03 17:30:00
"86","15","m2","Gossas","control",NA,14.5001452777778,-16.0335513888889,35.5,56.5,70,48.45,0.2,2019-09-21 17:55:00
"87","15","m3","Gossas","control",NA,14.5001452777778,-16.0335513888889,NA,NA,NA,NA,NA,NA
"88","15","m1","Gossas","fertilized",NA,14.5001452777778,-16.033555,35,55,60,17,NA,2019-09-03 17:30:00
"89","15","m2","Gossas","fertilized",NA,14.5001452777778,-16.033555,35,55,60,17,0.05,2019-09-23 17:30:00
"90","15","m3","Gossas","fertilized",NA,14.5001452777778,-16.033555,35.2,66,60,17,NA,2019-10-10 13:39:00
"91","16","m1","Gossas","control",219,14.5000166666667,-16.0334744444444,34,50,40,22.1,NA,2019-09-03 17:30:00
"92","16","m2","Gossas","control",219,14.5000166666667,-16.0334744444444,35,61.3,30,1.7,NA,2019-09-22 10:30:00
"93","16","m3","Gossas","control",219,14.5000166666667,-16.0334744444444,33.8,67,30,14.45,NA,2019-10-10 12:21:00
"94","16","m1","Gossas","fertilized",1089,14.5000161111111,-16.0334791666667,34,50,35,34.85,NA,2019-09-03 17:30:00
"95","16","m2","Gossas","fertilized",1089,14.5000161111111,-16.0334791666667,35,61.3,70,2.55,NA,2019-09-22 10:30:00
"96","16","m3","Gossas","fertilized",1089,14.5000161111111,-16.0334791666667,33.8,67,70,8.5,NA,2019-10-10 12:30:00
"97","17","m1","Gossas","control",NA,NA,NA,NA,NA,NA,NA,NA,NA
"98","17","m2","Gossas","control",NA,NA,NA,NA,NA,NA,NA,NA,NA
"99","17","m3","Gossas","control",NA,NA,NA,NA,NA,NA,NA,NA,NA
"100","17","m1","Gossas","fertilized",495,14.4833538888889,-16.0500425,35.7,57.3,45,29.75,0.05,2019-09-04 11:40:00
"101","17","m2","Gossas","fertilized",495,14.4833538888889,-16.0500425,32,69,65,7.65,NA,2019-09-23 10:20:00
"102","17","m3","Gossas","fertilized",495,14.4833538888889,-16.0500425,33.6,67.8,65,20.4,0.05,2019-10-10 16:34:00
"103","18","m1","Gossas","control",324,14.5167163888889,-16.0334852777778,31,71,40,26.35,NA,2019-09-05 12:00:00
"104","18","m2","Gossas","control",324,14.5167163888889,-16.0334852777778,32.5,62.6,30,1.7,NA,2019-09-22 09:48:00
"105","18","m3","Gossas","control",324,14.5167163888889,-16.0334852777778,36.6,54,30,8.5,0,2019-10-11 10:50:00
"106","18","m1","Gossas","fertilized",509,14.5167288888889,-16.0334905555556,31,71,50,28.9,0.05,2019-09-05 12:15:00
"107","18","m2","Gossas","fertilized",509,14.5167288888889,-16.0334905555556,32.5,62.6,55,5.1,NA,2019-09-22 09:48:00
"108","18","m3","Gossas","fertilized",509,14.5167288888889,-16.0334905555556,34.2,68,55,4.25,NA,2019-10-11 11:39:00
"109","19","m1","Gossas","control",558,14.4834872222222,-16.0500936111111,34.5,62,65,19.55,0.05,2019-09-04 10:08:00
"110","19","m2","Gossas","control",558,14.4834872222222,-16.0500936111111,35.7,60.2,70,17.85,NA,2019-09-22 12:25:00
"111","19","m3","Gossas","control",558,14.4834872222222,-16.0500936111111,35.7,60.2,70,23.8,0.05,2019-10-10 12:25:00
"112","19","m1","Gossas","fertilized",1314,14.4834272222222,-16.0500538888889,34.5,62,45,31.45,0.1,2019-09-04 17:30:00
"113","19","m2","Gossas","fertilized",1314,14.4834272222222,-16.0500538888889,35.7,60.2,65,17.85,NA,2019-09-22 12:10:00
"114","19","m3","Gossas","fertilized",1314,14.4834272222222,-16.0500538888889,34.2,68,65,17.85,0.05,2019-10-10 12:45:00
"115","20","m1","Gossas","control",626,NA,-16.0667402777778,33.8,60,20,12.75,NA,2019-09-03 17:30:00
"116","20","m2","Gossas","control",626,NA,-16.0667402777778,32.7,75.4,20,11.9,NA,2019-09-22 18:35:00
"117","20","m3","Gossas","control",626,NA,-16.0667402777778,33.5,64.7,20,13.6,NA,2019-10-09 17:26:00
"118","20","m1","Gossas","fertilized",598,14.5001013888889,-16.0668297222222,33.8,60,50,11.05,NA,2019-09-03 17:30:00
"119","20","m2","Gossas","fertilized",598,14.5001013888889,-16.0668297222222,32.8,73,50,13.6,NA,2019-09-22 18:50:00
"120","20","m3","Gossas","fertilized",598,14.5001013888889,-16.0668297222222,33.5,64.7,50,1.7,NA,2019-10-09 18:04:00
"121","21","m1","Gossas","control",776,14.5000258333333,-16.0667461111111,32,35,65,45.05,NA,2019-09-02 18:00:00
"122","21","m2","Gossas","control",776,14.5000258333333,-16.0667461111111,33.3,67.6,65,14.45,NA,2019-09-22 18:00:00
"123","21","m3","Gossas","control",776,14.5000258333333,-16.0667461111111,33.7,66,65,12.75,NA,2019-10-09 17:14:00
"124","21","m1","Gossas","fertilized",1824,14.5000261111111,-16.0667555555556,32,35,30,50.15,NA,2019-09-02 18:00:00
"125","21","m2","Gossas","fertilized",1824,14.5000261111111,-16.0667555555556,33.3,67.5,65,10.2,NA,2019-09-22 18:20:00
"126","21","m3","Gossas","fertilized",1824,14.5000261111111,-16.0667555555556,33.7,66,65,8.5,NA,2019-10-09 17:06:00
"127","22","m1","Gossas","control",279,14.4668055555556,-16.0833841666667,28.4,75.1,20,27.2,NA,2019-09-04 18:30:00
"128","22","m2","Gossas","control",279,14.4668055555556,-16.0833841666667,33,68.2,20,11.05,NA,2019-09-22 17:59:00
"129","22","m3","Gossas","control",279,14.4668055555556,-16.0833841666667,33.7,66,20,2.55,NA,2019-10-09 15:10:00
"130","22","m1","Gossas","fertilized",558,14.4668088888889,-16.0833686111111,28.4,75.1,30,34.85,NA,2019-09-04 18:30:00
"131","22","m2","Gossas","fertilized",558,14.4668088888889,-16.0833686111111,33,68,30,16.15,NA,2019-09-22 17:59:00
"132","22","m3","Gossas","fertilized",558,14.4668088888889,-16.0833686111111,33.7,66,30,2.55,NA,2019-10-09 15:21:00
"133","23","m1","Gossas","control",450,14.4500041666667,-16.0833494444444,31,68.3,45,29.75,NA,2019-09-02 17:30:00
"134","23","m2","Gossas","control",450,14.4500041666667,-16.0833494444444,36,55,45,28.05,0.15,2019-09-21 11:30:00
"135","23","m3","Gossas","control",450,14.4500041666667,-16.0833494444444,33,64,45,5.95,NA,2019-10-10 08:10:00
"136","23","m1","Gossas","fertilized",950,14.4500144444444,-16.0833447222222,31,68.3,50,34,NA,2019-09-02 17:30:00
"137","23","m2","Gossas","fertilized",950,14.4500144444444,-16.0833447222222,36,55,50,18.7,0.05,2019-09-21 11:30:00
"138","23","m3","Gossas","fertilized",950,14.4500144444444,-16.0833447222222,33,64,50,5.95,NA,2019-10-10 08:18:00
"139","24","m1","Gossas","control",80,14.4834063888889,-16.0833366666667,36,56,30,17.85,NA,2019-09-02 18:50:00
"140","24","m2","Gossas","control",80,14.4834063888889,-16.0833366666667,37.5,53.6,35,5.1,NA,2019-09-22 16:20:00
"141","24","m3","Gossas","control",80,14.4834063888889,-16.0833366666667,34.1,61,35,15.3,NA,2019-10-09 16:13:00
"142","24","m1","Gossas","fertilized",546,14.4834127777778,-16.0833386111111,36,56,35,31.45,NA,2019-09-02 18:50:00
"143","24","m2","Gossas","fertilized",546,14.4834127777778,-16.0833386111111,37.5,53.6,35,10.2,NA,2019-09-22 16:13:00
"144","24","m3","Gossas","fertilized",546,14.4834127777778,-16.0833386111111,34.1,61,35,8.5,NA,2019-10-09 16:00:00
"145","25","m1","Gossas","control",NA,NA,NA,35,57.2,60,20.4,NA,2019-09-04 12:20:00
"146","25","m2","Gossas","control",NA,NA,NA,NA,NA,NA,NA,NA,NA
"147","25","m3","Gossas","control",NA,NA,NA,NA,NA,NA,NA,NA,NA
"148","25","m1","Gossas","fertilized",NA,14.4833572222222,-16.0334072222222,35,57.2,65,22.95,NA,2019-09-04 12:20:00
"149","25","m2","Gossas","fertilized",NA,14.4833572222222,-16.0334072222222,35.4,58,65,15.3,NA,2019-09-23 12:20:00
"150","25","m3","Gossas","fertilized",NA,14.4833572222222,-16.0334072222222,34.8,67,65,18.7,NA,2019-10-10 16:23:00
"151","26","m1","Gossas","control",NA,14.5167688888889,-16.0500866666667,38,73.7,40,28.9,0.1,2019-09-05 10:45:00
"152","26","m2","Gossas","control",NA,14.5167688888889,-16.0500866666667,33.6,71,40,28.05,0.1,2019-09-23 08:50:00
"153","26","m3","Gossas","control",NA,14.5167688888889,-16.0500866666667,35.7,68.9,40,25.5,0.1,2019-10-12 17:24:00
"154","26","m1","Gossas","fertilized",285,14.5167641666667,-16.0500808333333,38,73.7,65,32.3,0.1,2019-09-05 10:45:00
"155","26","m2","Gossas","fertilized",285,14.5167641666667,-16.0500808333333,33.6,71,40,11.05,NA,2019-09-23 08:54:00
"156","26","m3","Gossas","fertilized",285,14.5167641666667,-16.0500808333333,35.7,68.9,40,14.45,0.05,2019-10-12 17:13:00
"157","27","m1","Gossas","control",NA,NA,NA,35,54,30,17.85,NA,2019-09-04 13:20:00
"158","27","m2","Gossas","control",NA,NA,NA,NA,NA,NA,NA,NA,NA
"159","27","m3","Gossas","control",NA,NA,NA,NA,NA,NA,NA,NA,NA
"160","27","m1","Gossas","fertilized",NA,NA,NA,34.8,56,35,11.05,NA,2019-09-04 13:48:00
"161","27","m2","Gossas","fertilized",NA,NA,NA,NA,NA,NA,NA,NA,NA
"162","27","m3","Gossas","fertilized",NA,NA,NA,NA,NA,NA,NA,NA,NA
"163","28","m1","Gossas","control",NA,NA,NA,34,59.3,40,15.3,NA,2019-09-02 19:00:00
"164","28","m2","Gossas","control",NA,NA,NA,NA,NA,NA,NA,NA,NA
"165","28","m3","Gossas","control",NA,NA,NA,NA,NA,NA,NA,NA,NA
"166","28","m1","Gossas","fertilized",NA,NA,NA,34,59.3,45,11.9,NA,2019-09-02 19:00:00
"167","28","m2","Gossas","fertilized",NA,NA,NA,NA,NA,NA,NA,NA,NA
"168","28","m3","Gossas","fertilized",NA,NA,NA,NA,NA,NA,NA,NA,NA
"169","29","m1","Gossas","control",80,14.4833613888889,-16.0334305555556,36.7,54,50,37.4,0.1,2019-09-04 10:55:00
"170","29","m2","Gossas","control",80,14.4833613888889,-16.0334305555556,34,65,50,29.75,NA,2019-09-23 10:35:00
"171","29","m3","Gossas","control",80,14.4833613888889,-16.0334305555556,33.1,68,50,21.25,0.05,2019-10-10 16:58:00
"172","29","m1","Gossas","fertilized",360,14.4833513888889,-16.0333988888889,36.7,54,45,27.2,NA,2019-09-04 10:55:00
"173","29","m2","Gossas","fertilized",360,14.4833513888889,-16.0333988888889,34.6,64,50,2.55,NA,2019-09-23 10:42:00
"174","29","m3","Gossas","fertilized",360,14.4833513888889,-16.0333988888889,34.1,68,50,10.2,0,2019-10-10 17:18:00
"175","30","m1","Gossas","control",243,14.4834797222222,-16.0334925,33.2,57,30,24.65,NA,2019-09-04 09:52:00
"176","30","m2","Gossas","control",243,14.4834797222222,-16.0334925,32.5,73.2,30,5.95,NA,2019-09-22 11:40:00
"177","30","m3","Gossas","control",243,14.4834797222222,-16.0334925,39.4,69.8,30,29.75,0.1,2019-10-11 12:21:00
"178","30","m1","Gossas","fertilized",534,14.4834755555556,-16.0334836111111,33.2,57,35,38.25,NA,2019-09-04 09:52:00
"179","30","m2","Gossas","fertilized",534,14.4834755555556,-16.0334836111111,32.5,73.2,45,3.4,NA,2019-09-22 11:45:00
"180","30","m3","Gossas","fertilized",534,14.4834755555556,-16.0334836111111,39.4,69.8,45,11.9,NA,2019-10-11 12:54:00
"181","31","m1","Gossas","control",203,14.5000516666667,-16.0168136111111,33.6,60.7,45,33.15,NA,2019-09-03 18:35:00
"182","31","m2","Gossas","control",203,14.5000516666667,-16.0168136111111,35,59.3,45,12.75,NA,2019-09-21 18:10:00
"183","31","m3","Gossas","control",203,14.5000516666667,-16.0168136111111,36.8,71.1,45,20.4,NA,2019-10-11 13:18:00
"184","31","m1","Gossas","fertilized",475,14.5000344444444,-16.0333502777778,33.6,60.7,50,29.75,NA,2019-09-03 18:35:00
"185","31","m2","Gossas","fertilized",475,14.5000344444444,-16.0333502777778,34.1,61.5,50,7.65,NA,2019-09-21 18:20:00
"186","31","m3","Gossas","fertilized",475,14.5000344444444,-16.0333502777778,36.8,70.1,50,7.65,NA,2019-10-11 13:27:00
"187","32","m1","Gossas","control",NA,14.5166936111111,-16.0334783333333,34.2,60.2,50,43.35,NA,2019-09-03 12:25:00
"188","32","m2","Gossas","control",NA,14.5166936111111,-16.0334783333333,32.6,64.5,98,21.25,0.15,2019-09-22 09:16:00
"189","32","m3","Gossas","control",NA,14.5166936111111,-16.0334783333333,NA,NA,NA,NA,NA,NA
"190","32","m1","Gossas","fertilized",NA,14.5000013888889,NA,34.2,60.2,50,67.15,NA,2019-09-03 12:55:00
"191","32","m2","Gossas","fertilized",NA,14.5000013888889,NA,37,49.2,50,10.2,0.05,2019-09-22 16:32:00
"192","32","m3","Gossas","fertilized",NA,14.5000013888889,NA,35.3,67.8,50,20.4,NA,2019-10-11 16:12:00
"193","33","m1","Gossas","control",NA,NA,NA,NA,NA,NA,NA,NA,NA
"194","33","m2","Gossas","control",NA,NA,NA,NA,NA,NA,NA,NA,NA
"195","33","m3","Gossas","control",NA,NA,NA,NA,NA,NA,NA,NA,NA
"196","33","m1","Gossas","fertilized",NA,NA,NA,36.4,55.2,50,22.1,NA,2019-09-04 11:20:00
"197","33","m2","Gossas","fertilized",NA,NA,NA,NA,NA,NA,NA,NA,NA
"198","33","m3","Gossas","fertilized",NA,NA,NA,NA,NA,NA,NA,NA,NA
"199","34","m1","Gossas","control",NA,14.5166947222222,-16.0334888888889,28,83,45,19.55,NA,2019-09-05 08:00:00
"200","34","m2","Gossas","control",NA,14.5166947222222,-16.0334888888889,32.9,63.7,45,27.2,NA,2019-09-22 09:32:00
"201","34","m3","Gossas","control",NA,14.5166947222222,-16.0334888888889,34.6,68,45,39.95,NA,2019-10-12 17:51:00
"202","34","m1","Gossas","fertilized",325,14.5166966666667,-16.0334844444444,28,83,30,45.9,NA,2019-09-05 08:00:00
"203","34","m2","Gossas","fertilized",325,14.5166966666667,-16.0334844444444,32.9,63.7,40,7.65,NA,2019-09-22 09:22:00
"204","34","m3","Gossas","fertilized",325,14.5166966666667,-16.0334844444444,34.6,68,40,19.55,NA,2019-10-12 18:14:00
"205","35","m1","Gossas","control",140,14.5166972222222,-16.0334863888889,28,83,65,13.6,NA,2019-09-05 08:28:00
"206","35","m2","Gossas","control",140,14.5166972222222,-16.0334863888889,33,62,35,17.85,0.05,2019-09-23 10:21:00
"207","35","m3","Gossas","control",140,14.5166972222222,-16.0334863888889,33.6,68.4,35,24.65,NA,2019-10-12 09:32:00
"208","35","m1","Gossas","fertilized",163,14.5166994444444,-16.0334819444444,28,83,60,13.6,NA,2019-09-05 08:28:00
"209","35","m2","Gossas","fertilized",163,14.5166994444444,-16.0334819444444,33.2,63,45,5.95,0.01,2019-09-23 10:34:00
"210","35","m3","Gossas","fertilized",163,14.5166994444444,-16.0334819444444,33.6,68.4,45,15.3,NA,2019-10-12 09:15:00
"211","36","m1","Gossas","control",114,14.4668205555556,-16.0501105555556,29,78.9,50,15.3,NA,2019-09-05 09:00:00
"212","36","m2","Gossas","control",114,14.4668205555556,-16.0501105555556,35.2,54.6,50,39.95,NA,2019-09-23 11:50:00
"213","36","m3","Gossas","control",114,14.4668205555556,-16.0501105555556,36.2,58.3,50,25.5,0.1,2019-10-10 10:33:00
"214","36","m1","Gossas","fertilized",313,14.4668291666667,-16.050115,29,78.9,50,30.6,NA,2019-09-05 09:00:00
"215","36","m2","Gossas","fertilized",313,14.4668291666667,-16.050115,35.2,54.6,50,9.35,NA,2019-09-23 11:40:00
"216","36","m3","Gossas","fertilized",313,14.4668291666667,-16.050115,36.2,58,50,3.4,0,2019-10-10 10:47:00
"217","37","m1","Gossas","control",NA,14.500095,-16.0500544444444,NA,NA,NA,NA,NA,NA
"218","37","m2","Gossas","control",NA,14.500095,-16.0500544444444,31,67.8,90,38.25,NA,2019-09-22 08:40:00
"219","37","m3","Gossas","control",NA,14.500095,-16.0500544444444,33.1,71.3,90,16.15,NA,2019-10-10 09:51:00
"220","37","m1","Gossas","fertilized",455,14.5001005555556,-16.0500533333333,31,50,30,42.5,NA,2019-09-03 10:40:00
"221","37","m2","Gossas","fertilized",455,14.5001005555556,-16.0500533333333,31,67.5,75,11.05,NA,2019-09-22 08:45:00
"222","37","m3","Gossas","fertilized",455,14.5001005555556,-16.0500533333333,33.1,71.2,75,5.1,NA,2019-10-10 09:59:00
"223","38","m1","Gossas","control",456,14.500085,-16.0334186111111,35.9,57.7,30,23.8,NA,2019-09-04 10:00:00
"224","38","m2","Gossas","control",456,14.500085,-16.0334186111111,35,57.1,30,24.65,NA,2019-09-21 17:52:00
"225","38","m3","Gossas","control",456,14.500085,-16.0334186111111,35,57.1,30,24.65,0.05,2019-10-10 17:52:00
"226","38","m1","Gossas","fertilized",1711,14.5001094444444,-16.0334163888889,31,73.6,25,19.55,NA,2019-09-05 10:00:00
"227","38","m2","Gossas","fertilized",1711,14.5001094444444,-16.0334163888889,35.6,53.8,25,5.1,NA,2019-09-21 17:46:00
"228","38","m3","Gossas","fertilized",1711,14.5001094444444,-16.0334163888889,35.6,53.8,25,5.1,0,2019-10-10 17:46:00
"229","39","m1","Gossas","control",113,14.4667619444444,-16.0500938888889,38,52,20,43.35,NA,2019-09-03 13:12:00
"230","39","m2","Gossas","control",113,14.4667619444444,-16.0500938888889,33.6,60.8,80,34.85,NA,2019-09-23 10:10:00
"231","39","m3","Gossas","control",113,14.4667619444444,-16.0500938888889,35.1,67.4,80,11.9,NA,2019-10-10 11:10:00
"232","39","m1","Gossas","fertilized",182,14.4667541666667,-16.0500916666667,36,56.9,30,55.25,NA,2019-09-03 13:12:00
"233","39","m2","Gossas","fertilized",182,14.4667541666667,-16.0500916666667,33.6,60.8,70,11.9,NA,2019-09-23 10:10:00
"234","39","m3","Gossas","fertilized",182,14.4667541666667,-16.0500916666667,35.1,67.4,70,4.25,NA,2019-10-10 10:58:00
"235","40","m1","Gossas","control",302,14.5167177777778,-16.0334222222222,38,52,35,43.35,NA,2019-09-04 13:00:00
"236","40","m2","Gossas","control",302,14.5167177777778,-16.0334222222222,30.3,70.7,55,17.85,NA,2019-09-22 09:05:00
"237","40","m3","Gossas","control",302,14.5167177777778,-16.0334222222222,35.4,66.3,55,25.5,0.1,2019-10-11 18:43:00
"238","40","m1","Gossas","fertilized",925,14.5000263888889,-16.0500486111111,38,52,40,55.25,NA,2019-09-04 13:12:00
"239","40","m2","Gossas","fertilized",925,14.5000263888889,-16.0500486111111,37.1,51.5,40,8.5,NA,2019-09-21 17:20:00
"240","40","m3","Gossas","fertilized",925,14.5000263888889,-16.0500486111111,35.3,65.9,40,17.85,0.05,2019-10-11 18:22:00
"241","41","m1","Gossas","control",84,14.5000466666667,-16.0334488888889,38,50.2,40,28.05,NA,2019-09-04 12:30:00
"242","41","m2","Gossas","control",84,14.5000466666667,-16.0334488888889,36,59.1,40,4.25,0.01,2019-09-22 11:17:00
"243","41","m3","Gossas","control",84,14.5000466666667,-16.0334488888889,34,68,40,14.45,0.05,2019-10-10 13:12:00
"244","41","m1","Gossas","fertilized",432,14.5000433333333,-16.0334544444444,38,50.2,30,32.3,NA,2019-09-04 13:40:00
"245","41","m2","Gossas","fertilized",432,14.5000433333333,-16.0334544444444,36,59.1,30,19.55,0.1,2019-09-22 11:17:00
"246","41","m3","Gossas","fertilized",432,14.5000433333333,-16.0334544444444,34,68,30,4.25,0,2019-10-10 13:28:00
"247","42","m1","Gossas","control",826,14.4834680555556,-16.0334711111111,NA,NA,NA,NA,NA,NA
"248","42","m2","Gossas","control",826,14.4834680555556,-16.0334711111111,32.9,67.1,25,6.8,NA,2019-09-22 10:35:00
"249","42","m3","Gossas","control",826,14.4834680555556,-16.0334711111111,32.9,67.1,25,6.8,NA,2019-10-10 10:35:00
"250","42","m1","Gossas","fertilized",900,14.5000113888889,-16.0500294444444,41,41,30,37.4,NA,2019-09-03 13:40:00
"251","42","m2","Gossas","fertilized",900,14.5000113888889,-16.0500294444444,33.5,64.6,30,6.8,NA,2019-09-22 11:47:00
"252","42","m3","Gossas","fertilized",900,14.5000113888889,-16.0500294444444,33.5,64.6,30,6.8,NA,2019-10-10 11:47:00
"253","43","m1","Gossas","control",98,14.4834416666667,-16.0333497222222,32.5,67.9,35,40.8,NA,2019-09-04 16:30:00
"254","43","m2","Gossas","control",98,14.4834416666667,-16.0333497222222,35,59.3,80,6.8,NA,2019-09-22 12:30:00
"255","43","m3","Gossas","control",98,14.4834416666667,-16.0333497222222,37.1,49.7,80,26.35,NA,2019-10-11 10:31:00
"256","43","m1","Gossas","fertilized",278,14.4834538888889,-16.0168283333333,32.5,67.9,35,30.6,NA,2019-09-04 16:30:00
"257","43","m2","Gossas","fertilized",278,14.4834538888889,-16.0168283333333,35,59.3,30,6.8,NA,2019-09-22 12:30:00
"258","43","m3","Gossas","fertilized",278,14.4834538888889,-16.0168283333333,36.9,53.8,30,9.35,NA,2019-10-11 10:17:00
"259","44","m1","Gossas","control",NA,14.5167480555556,-16.0500161111111,NA,NA,NA,NA,NA,NA
"260","44","m2","Gossas","control",NA,14.5167480555556,-16.0500161111111,33,65.6,60,34.85,NA,2019-09-22 09:50:00
"261","44","m3","Gossas","control",NA,14.5167480555556,-16.0500161111111,NA,NA,NA,NA,NA,NA
"262","44","m1","Gossas","fertilized",248,14.5167352777778,-16.0500008333333,28.9,78.3,45,25.5,NA,2019-09-05 08:51:00
"263","44","m2","Gossas","fertilized",248,14.5167352777778,-16.0500008333333,33,65.6,45,4.25,NA,2019-09-05 08:51:00
"264","44","m3","Gossas","fertilized",248,14.5167352777778,-16.0500008333333,33,65.6,45,19.55,NA,2019-10-12 08:27:00
"265","45","m1","Gossas","control",NA,NA,NA,28.7,80.7,50,22.1,NA,2019-09-05 09:25:00
"266","45","m2","Gossas","control",NA,NA,NA,NA,NA,NA,NA,NA,NA
"267","45","m3","Gossas","control",NA,NA,NA,NA,NA,NA,NA,NA,NA
"268","45","m1","Gossas","fertilized",NA,NA,NA,28.7,80.7,50,24.65,NA,2019-09-05 09:25:00
"269","45","m2","Gossas","fertilized",NA,NA,NA,NA,NA,NA,NA,NA,NA
"270","45","m3","Gossas","fertilized",NA,NA,NA,NA,NA,NA,NA,NA,NA
"271","46","m1","Gossas","control",372,14.4834758333333,-16.1000252777778,36,63,35,58.65,NA,2019-09-04 17:25:00
"272","46","m2","Gossas","control",372,14.4834758333333,-16.1000252777778,33.8,62.3,35,12.75,0.05,2019-09-22 17:10:00
"273","46","m3","Gossas","control",372,14.4834758333333,-16.1000252777778,34,62,35,13.6,NA,2019-10-09 16:24:00
"274","46","m1","Gossas","fertilized",558,14.4834805555556,-16.1000094444444,35.2,56.2,35,42.5,NA,2019-09-04 18:05:00
"275","46","m2","Gossas","fertilized",558,14.4834805555556,-16.1000094444444,34.3,60.5,30,9.35,0.01,2019-09-22 17:20:00
"276","46","m3","Gossas","fertilized",558,14.4834805555556,-16.1000094444444,34,62.1,30,2.55,NA,2019-10-09 16:38:00
"277","47","m1","Gossas","control",NA,14.4500605555556,-16.0501025,28,77,30,22.95,NA,2019-09-05 08:35:00
"278","47","m2","Gossas","control",NA,14.4500605555556,-16.0501025,36,53.8,30,14.45,NA,2019-09-21 12:35:00
"279","47","m3","Gossas","control",NA,14.4500605555556,-16.0501025,NA,NA,NA,NA,NA,NA
"280","47","m1","Gossas","fertilized",NA,14.4500611111111,-16.0501102777778,28.3,78,40,16.15,NA,2019-09-05 08:45:00
"281","47","m2","Gossas","fertilized",NA,14.4500611111111,-16.0501102777778,36,53.8,40,12.75,NA,2019-09-21 12:45:00
"282","47","m3","Gossas","fertilized",NA,14.4500611111111,-16.0501102777778,NA,NA,NA,NA,NA,NA
"283","48","m1","Gossas","control",NA,14.5001227777778,-16.0500316666667,31.6,50,40,14.45,NA,2019-09-03 10:55:00
"284","48","m2","Gossas","control",NA,14.5001227777778,-16.0500316666667,30.4,69.3,30,9.35,NA,2019-09-22 08:35:00
"285","48","m3","Gossas","control",NA,14.5001227777778,-16.0500316666667,35,60.6,30,31.45,NA,2019-10-12 11:05:00
"286","48","m1","Gossas","fertilized",676,14.5001266666667,-16.0500338888889,31.6,50,35,42.5,NA,2019-09-03 10:55:00
"287","48","m2","Gossas","fertilized",676,14.5001266666667,-16.0500338888889,30.4,69.3,45,10.2,NA,2019-09-22 08:25:00
"288","48","m3","Gossas","fertilized",676,14.5001266666667,-16.0500338888889,35,60.6,45,20.4,NA,2019-10-12 11:31:00
"289","49","m1","Gossas","control",691,14.5000430555556,-16.05006,35,56,50,38.25,NA,2019-09-03 13:30:00
"290","49","m2","Gossas","control",691,14.5000430555556,-16.05006,35.9,53.7,50,20.4,0.1,2019-09-21 17:39:00
"291","49","m3","Gossas","control",691,14.5000430555556,-16.05006,34.6,68.1,50,18.7,NA,2019-10-10 11:53:00
"292","49","m1","Gossas","fertilized",996,14.5000372222222,-16.0500447222222,35,56,50,19.55,NA,2019-09-03 13:35:00
"293","49","m2","Gossas","fertilized",996,14.5000372222222,-16.0500447222222,35.9,53.7,50,6.8,0.05,2019-09-21 17:32:00
"294","49","m3","Gossas","fertilized",996,14.5000372222222,-16.0500447222222,34.6,68.2,50,5.1,NA,2019-10-10 12:57:00
"295","50","m1","Gossas","control",359,14.5000227777778,-16.0333572222222,34,58.5,50,35.7,NA,2019-09-02 18:25:00
"296","50","m2","Gossas","control",359,14.5000227777778,-16.0333572222222,32.4,65.8,50,20.4,0.15,2019-09-21 18:57:00
"297","50","m3","Gossas","control",359,14.5000227777778,-16.0333572222222,38.8,68.7,50,18.7,NA,2019-10-11 11:36:00
"298","50","m1","Gossas","fertilized",453,14.5000325,-16.0333511111111,34,58.5,45,39.1,NA,2019-09-02 18:25:00
"299","50","m2","Gossas","fertilized",453,14.5000325,-16.0333511111111,32.4,65.8,45,3.4,0.01,2019-09-21 18:57:00
"300","50","m3","Gossas","fertilized",453,14.5000325,-16.0333511111111,32.4,65.8,45,3.4,NA,2019-10-11 18:57:00
"301","51","m1","Gniby","control",540,14.4001538888889,-15.6667863888889,40,52.8,20,20.7,NA,2019-09-02 13:35:00
"302","51","m2","Gniby","control",540,14.4001538888889,-15.6667863888889,32.2,57.2,55,2.7,NA,2019-09-22 09:00:00
"303","51","m3","Gniby","control",540,14.4001538888889,-15.6667863888889,35.4,50.8,55,9.9,NA,2019-10-11 10:39:00
"304","51","m1","Gniby","fertilized",720,14.4001519444444,-15.6667761111111,40,52.8,35,18,NA,2019-09-02 13:27:00
"305","51","m2","Gniby","fertilized",720,14.4001519444444,-15.6667761111111,32.1,56.5,60,2.7,NA,2019-09-22 09:13:00
"306","51","m3","Gniby","fertilized",720,14.4001519444444,-15.6667761111111,35.3,54.6,60,5.4,NA,2019-10-11 10:29:00
"307","52","m1","Gniby","control",95,16.0502663888889,-14.6834908333333,40.3,45.1,20,29.7,NA,2019-09-02 17:28:00
"308","52","m2","Gniby","control",95,16.0502663888889,-14.6834908333333,26,83,30,20.7,0.1,2019-09-22 07:28:00
"309","52","m3","Gniby","control",95,16.0502663888889,-14.6834908333333,34.4,56,30,37.8,NA,2019-10-11 09:41:00
"310","52","m1","Gniby","fertilized",630,14.4001927777778,-15.6169377777778,40.3,45.1,45,20.7,NA,2019-09-02 17:20:00
"311","52","m2","Gniby","fertilized",630,14.4001927777778,-15.6169377777778,26,83,80,6.3,0.03,2019-09-22 07:20:00
"312","52","m3","Gniby","fertilized",630,14.4001927777778,-15.6169377777778,34.4,56,70,9,NA,2019-10-11 09:42:00
"313","53","m1","Gniby","control",214,14.3834658333333,-15.6501213888889,36.7,56.6,45,15.3,NA,2019-09-05 14:28:00
"314","53","m2","Gniby","control",214,14.3834658333333,-15.6501213888889,29,78,40,11.7,NA,2019-09-22 08:00:00
"315","53","m3","Gniby","control",214,14.3834658333333,-15.6501213888889,36.4,43,40,5.4,NA,2019-10-11 11:52:00
"316","53","m1","Gniby","fertilized",722,14.3834658333333,-15.6334622222222,36.7,56.6,30,11.7,NA,2019-09-05 14:20:00
"317","53","m2","Gniby","fertilized",722,14.3834658333333,-15.6334622222222,29,78,60,9.9,NA,2019-09-22 08:10:00
"318","53","m3","Gniby","fertilized",722,14.3834658333333,-15.6334622222222,36.4,43.6,60,10.8,NA,2019-10-11 11:52:00
"319","54","m1","Gniby","control",130,14.4167611111111,-15.6668,35.4,61.2,25,21.6,NA,2019-09-05 13:14:00
"320","54","m2","Gniby","control",130,14.4167611111111,-15.6668,36.3,69.5,40,14.4,NA,2019-09-22 14:13:00
"321","54","m3","Gniby","control",130,14.4167611111111,-15.6668,30.7,68.3,55,15.3,0.1,2019-10-11 08:22:00
"322","54","m1","Gniby","fertilized",630,14.4167611111111,-15.6668177777778,35.4,61.2,30,11.7,NA,2019-09-05 13:38:00
"323","54","m2","Gniby","fertilized",630,14.4167611111111,-15.6668177777778,36.5,69.2,85,2.7,NA,2019-09-22 14:03:00
"324","54","m3","Gniby","fertilized",630,14.4167611111111,-15.6668177777778,30.7,68.3,90,4.5,0.01,2019-10-11 08:32:00
"325","55","m1","Gniby","control",NA,14.4334458333333,-15.5834619444444,NA,NA,NA,NA,NA,NA
"326","55","m2","Gniby","control",NA,14.4334458333333,-15.5834619444444,NA,NA,NA,NA,NA,NA
"327","55","m3","Gniby","control",NA,14.4334458333333,-15.5834619444444,NA,NA,NA,NA,NA,NA
"328","55","m1","Gniby","fertilized",NA,14.4334405555556,-15.6500727777778,NA,NA,NA,NA,NA,NA
"329","55","m2","Gniby","fertilized",NA,14.4334405555556,-15.6500727777778,NA,NA,NA,NA,NA,NA
"330","55","m3","Gniby","fertilized",NA,14.4334405555556,-15.6500727777778,NA,NA,NA,NA,NA,NA
"331","56","m1","Gniby","control",150,14.4167241666667,-15.63354,28.8,83.3,20,66.6,0.25,2019-09-02 07:27:00
"332","56","m2","Gniby","control",150,14.4167241666667,-15.63354,23,88,20,5.4,NA,2019-09-22 08:50:00
"333","56","m3","Gniby","control",150,14.4167241666667,-15.63354,31,67,60,16.2,0.15,2019-10-11 08:20:00
"334","56","m1","Gniby","fertilized",500,14.4167241666667,-15.6001475,28.8,83.3,45,20.7,0.03,2019-09-02 07:49:00
"335","56","m2","Gniby","fertilized",500,14.4167241666667,-15.6001475,23,88,45,36.9,NA,2019-09-22 08:58:00
"336","56","m3","Gniby","fertilized",500,14.4167241666667,-15.6001475,31,67,65,4.5,0,2019-10-11 08:20:00
"337","57","m1","Gniby","control",160,NA,NA,34.1,65.6,50,60.3,0.4,2019-09-02 09:42:00
"338","57","m2","Gniby","control",160,NA,NA,32,52,10,17.1,NA,2019-09-23 09:00:00
"339","57","m3","Gniby","control",160,NA,NA,35.5,50,15,16.2,NA,2019-10-11 10:57:00
"340","57","m1","Gniby","fertilized",400,NA,NA,34.1,65.6,50,34.2,0.2,2019-09-02 09:57:00
"341","57","m2","Gniby","fertilized",400,NA,NA,32,52,50,23.4,NA,2019-09-23 09:15:00
"342","57","m3","Gniby","fertilized",400,NA,NA,35.5,50,45,12.6,NA,2019-10-11 10:51:00
"343","58","m1","Gniby","control",285,NA,NA,NA,NA,NA,NA,NA,NA
"344","58","m2","Gniby","control",285,NA,NA,NA,NA,NA,NA,NA,NA
"345","58","m3","Gniby","control",285,NA,NA,NA,NA,NA,NA,NA,NA
"346","58","m1","Gniby","fertilized",1170,16.0501172222222,NA,40.9,48.3,30,31.5,NA,2019-09-02 17:51:00
"347","58","m2","Gniby","fertilized",1170,16.0501172222222,NA,29,72,35,6.3,NA,2019-09-24 08:05:00
"348","58","m3","Gniby","fertilized",1170,16.0501172222222,NA,38,44,80,14.4,NA,2019-10-11 10:20:00
"349","59","m1","Gniby","control",285,16.0668619444444,-14.6835697222222,41,47.2,35,15.3,NA,2019-09-02 15:38:00
"350","59","m2","Gniby","control",285,16.0668619444444,-14.6835697222222,25,88,30,3.6,NA,2019-09-23 07:38:00
"351","59","m3","Gniby","control",285,16.0668619444444,-14.6835697222222,31,67,40,7.2,NA,2019-10-11 08:50:00
"352","59","m1","Gniby","fertilized",665,14.4002077777778,-15.6334566666667,41,47.2,45,23.4,NA,2019-09-02 15:26:00
"353","59","m2","Gniby","fertilized",665,14.4002077777778,-15.6334566666667,25,88,45,13.5,NA,2019-09-23 07:10:00
"354","59","m3","Gniby","fertilized",665,14.4002077777778,-15.6334566666667,31,67,80,6.3,NA,2019-10-11 08:30:00
"355","60","m1","Gniby","control",NA,14.4167902777778,-15.6834622222222,32.6,70.5,20,20.7,NA,2019-09-05 10:20:00
"356","60","m2","Gniby","control",NA,14.4167902777778,-15.6834622222222,36.9,63.3,75,7.2,0,2019-09-22 15:07:00
"357","60","m3","Gniby","control",NA,14.4167902777778,-15.6834622222222,32.7,62.9,85,9.9,NA,2019-10-11 09:05:00
"358","60","m1","Gniby","fertilized",NA,14.4167852777778,-15.6834772222222,32.6,70.5,45,1.8,NA,2019-09-05 10:30:00
"359","60","m2","Gniby","fertilized",NA,14.4167852777778,-15.6834772222222,36.9,63.2,85,1.8,0,2019-09-22 15:16:00
"360","60","m3","Gniby","fertilized",NA,14.4167852777778,-15.6834772222222,32.7,62.9,95,2.7,NA,2019-10-11 08:50:00
"361","61","m1","Gniby","control",341,14.3834663888889,-15.5833744444444,37.5,55.2,50,30.6,0.2,2019-09-02 16:27:00
"362","61","m2","Gniby","control",341,14.3834663888889,-15.5833744444444,30,66,50,29.7,NA,2019-09-23 09:37:00
"363","61","m3","Gniby","control",341,14.3834663888889,-15.5833744444444,36.6,43.9,40,47.7,0.15,2019-10-11 17:30:00
"364","61","m1","Gniby","fertilized",465,14.3834236111111,-15.5833847222222,37.5,55.2,20,20.7,0.05,2019-09-02 16:20:00
"365","61","m2","Gniby","fertilized",465,14.3834236111111,-15.5833847222222,30,66,70,11.7,NA,2019-09-23 09:20:00
"366","61","m3","Gniby","fertilized",465,14.3834236111111,-15.5833847222222,36.6,43.9,80,23.4,0.05,2019-10-11 17:30:00
"367","62","m1","Gniby","control",375,14.3833838888889,-15.5833613888889,33.9,61.2,30,25.2,NA,2019-09-02 18:10:00
"368","62","m2","Gniby","control",375,14.3833838888889,-15.5833613888889,32,62,35,27.9,NA,2019-09-24 18:10:00
"369","62","m3","Gniby","control",375,14.3833838888889,-15.5833613888889,38.4,37.7,90,27,0.1,2019-10-11 16:15:00
"370","62","m1","Gniby","fertilized",674,14.3833680555556,-15.5833475,33.9,61.2,20,21.6,NA,2019-09-02 18:01:00
"371","62","m2","Gniby","fertilized",674,14.3833680555556,-15.5833475,32,61.2,70,18.9,NA,2019-09-24 18:01:00
"372","62","m3","Gniby","fertilized",674,14.3833680555556,-15.5833475,38.4,37.7,65,12.6,0.05,2019-10-11 16:15:00
"373","63","m1","Gniby","control",NA,14.3834905555556,-15.5833783333333,33.1,66,35,22.5,NA,2019-09-02 18:40:00
"374","63","m2","Gniby","control",NA,14.3834905555556,-15.5833783333333,33.1,66,35,22.5,0.05,2019-09-24 16:51:00
"375","63","m3","Gniby","control",NA,14.3834905555556,-15.5833783333333,NA,NA,NA,NA,NA,NA
"376","63","m1","Gniby","fertilized",NA,14.3834658333333,-15.5833980555556,33.1,66,20,15.3,NA,2019-09-02 18:50:00
"377","63","m2","Gniby","fertilized",NA,14.3834658333333,-15.5833980555556,33.1,66,20,15.3,0.01,2019-09-24 16:35:00
"378","63","m3","Gniby","fertilized",NA,14.3834658333333,-15.5833980555556,NA,NA,NA,NA,NA,NA
"379","64","m1","Gniby","control",263,14.4333588888889,-15.6000291666667,32.2,66.1,45,27.9,NA,2019-09-03 19:04:00
"380","64","m2","Gniby","control",263,14.4333588888889,-15.6000291666667,30,54,30,18.9,NA,2019-09-24 08:07:00
"381","64","m3","Gniby","control",263,14.4333588888889,-15.6000291666667,32.6,68.5,30,41.4,NA,2019-10-11 18:35:00
"382","64","m1","Gniby","fertilized",786,14.4334488888889,-15.6000763888889,32.2,66.1,45,34.2,NA,2019-09-03 19:17:00
"383","64","m2","Gniby","fertilized",786,14.4334488888889,-15.6000763888889,30,54,40,5.4,NA,2019-09-24 08:36:00
"384","64","m3","Gniby","fertilized",786,14.4334488888889,-15.6000763888889,32.5,68.7,80,26.1,NA,2019-10-11 18:25:00
"385","65","m1","Gniby","control",NA,16.0834463888889,-14.8002413888889,38.1,52.5,50,23.4,NA,2019-09-03 14:53:00
"386","65","m2","Gniby","control",NA,16.0834463888889,-14.8002413888889,34.5,58,70,25.2,NA,2019-09-24 13:34:00
"387","65","m3","Gniby","control",NA,16.0834463888889,-14.8002413888889,38,42,50,12.6,NA,2019-10-12 11:27:00
"388","65","m1","Gniby","fertilized",NA,14.5000680555556,-15.6500888888889,38.1,52.5,60,21.6,NA,2019-09-03 15:10:00
"389","65","m2","Gniby","fertilized",NA,14.5000680555556,-15.6500888888889,34.5,58.9,60,9.9,NA,2019-09-24 13:40:00
"390","65","m3","Gniby","fertilized",NA,14.5000680555556,-15.6500888888889,36.5,43.4,85,3.6,NA,2019-10-12 11:24:00
"391","66","m1","Gniby","control",NA,NA,NA,NA,NA,NA,NA,NA,NA
"392","66","m2","Gniby","control",NA,NA,NA,NA,NA,NA,NA,NA,NA
"393","66","m3","Gniby","control",NA,NA,NA,NA,NA,NA,NA,NA,NA
"394","66","m1","Gniby","fertilized",600,16.0502758333333,-14.6667472222222,40.3,44.8,45,16.2,0.2,2019-09-02 17:58:00
"395","66","m2","Gniby","fertilized",600,16.0502758333333,-14.6667472222222,25,88,50,10.8,NA,2019-09-23 07:58:00
"396","66","m3","Gniby","fertilized",600,16.0502758333333,-14.6667472222222,37.7,48.3,90,9.9,NA,2019-10-11 10:14:00
"397","67","m1","Gniby","control",NA,16.0000711111111,-14.7502402777778,32,67.5,50,8.1,NA,2019-09-02 19:10:00
"398","67","m2","Gniby","control",NA,16.0000711111111,-14.7502402777778,31,64,50,15.3,NA,2019-09-24 10:32:00
"399","67","m3","Gniby","control",NA,16.0000711111111,-14.7502402777778,32.8,64,30,16.2,NA,2019-10-12 09:23:00
"400","67","m1","Gniby","fertilized",NA,14.4500333333333,-15.6000969444444,32,67.5,40,3.6,0.01,2019-09-02 19:18:00
"401","67","m2","Gniby","fertilized",NA,14.4500333333333,-15.6000969444444,32,64.8,40,5.4,NA,2019-09-24 11:00:00
"402","67","m3","Gniby","fertilized",NA,14.4500333333333,-15.6000969444444,32.8,64,80,12.6,NA,2019-10-12 09:25:00
"403","68","m1","Gniby","control",95,14.4166908333333,-15.6667308333333,32.6,74.1,40,26.1,NA,2019-09-04 07:46:00
"404","68","m2","Gniby","control",95,14.4166908333333,-15.6667308333333,33,72.7,55,16.2,0.03,2019-09-24 11:00:00
"405","68","m3","Gniby","control",95,14.4166908333333,-15.6667308333333,37.5,50,70,21.6,NA,2019-10-11 10:37:00
"406","68","m1","Gniby","fertilized",300,14.4166788888889,-15.6667358333333,32.6,74.1,45,9,NA,2019-09-04 07:58:00
"407","68","m2","Gniby","fertilized",300,14.4166788888889,-15.6667358333333,32.8,72.9,65,2.7,0,2019-09-24 11:30:00
"408","68","m3","Gniby","fertilized",300,14.4166788888889,-15.6667358333333,35.5,50,75,8.1,NA,2019-10-11 10:44:00
"409","69","m1","Gniby","control",300,14.3836019444444,-15.6500647222222,38.8,57.2,60,40.5,NA,2019-09-02 10:31:00
"410","69","m2","Gniby","control",300,14.3836019444444,-15.6500647222222,30,71,50,13.5,NA,2019-09-24 08:06:00
"411","69","m3","Gniby","control",300,14.3836019444444,-15.6500647222222,38,45,65,7.2,NA,2019-10-11 11:35:00
"412","69","m1","Gniby","fertilized",975,14.4001630555556,-15.6501575,38.8,57.2,50,13.5,NA,2019-09-02 10:43:00
"413","69","m2","Gniby","fertilized",975,14.4001630555556,-15.6501575,29,78,25,11.7,NA,2019-09-24 08:37:00
"414","69","m3","Gniby","fertilized",975,14.4001630555556,-15.6501575,37.5,46,85,5.4,NA,2019-10-11 11:12:00
"415","70","m1","Gniby","control",190,14.4002072222222,-15.5334325,41,48,45,15.3,NA,2019-09-02 16:40:00
"416","70","m2","Gniby","control",190,14.4002072222222,-15.5334325,26,83,30,4.5,0,2019-09-22 07:23:00
"417","70","m3","Gniby","control",190,14.4002072222222,-15.5334325,34.4,56,35,0.9,NA,2019-10-11 10:04:00
"418","70","m1","Gniby","fertilized",760,14.4002072222222,-15.6168475,41,48,30,18.9,NA,2019-09-02 16:59:00
"419","70","m2","Gniby","fertilized",760,14.4002072222222,-15.6168475,26,83,75,2.7,0,2019-09-22 07:29:00
"420","70","m3","Gniby","fertilized",760,14.4002072222222,-15.6168475,34.5,56,50,3.6,NA,2019-10-11 10:12:00
"421","71","m1","Gniby","control",140,14.4500947222222,-15.6668097222222,31.6,73,20,11.7,NA,2019-09-05 09:09:00
"422","71","m2","Gniby","control",140,14.4500947222222,-15.6668097222222,36.8,60.6,30,1.8,NA,2019-09-23 15:16:00
"423","71","m3","Gniby","control",140,14.4500947222222,-15.6668097222222,38.7,36,65,12.6,NA,2019-10-11 15:30:00
"424","71","m1","Gniby","fertilized",510,14.4666966666667,-15.6667566666667,31.6,73,30,9.9,NA,2019-09-05 09:27:00
"425","71","m2","Gniby","fertilized",510,14.4666966666667,-15.6667566666667,37.1,57,55,8.1,NA,2019-09-23 15:32:00
"426","71","m3","Gniby","fertilized",510,14.4666966666667,-15.6667566666667,40.2,33.2,85,8.1,NA,2019-10-11 15:10:00
"427","72","m1","Gniby","control",56,14.4167366666667,-15.65009,40.1,47.2,20,32.4,0.25,2019-09-02 12:34:00
"428","72","m2","Gniby","control",56,14.4167366666667,-15.65009,34.1,62.6,50,10.8,NA,2019-09-24 13:23:00
"429","72","m3","Gniby","control",56,14.4167366666667,-15.65009,36,43,55,20.7,0.1,2019-10-11 11:43:00
"430","72","m1","Gniby","fertilized",240,14.4166719444444,-15.6501302777778,40.1,47.2,30,15.3,0.07,2019-09-02 12:46:00
"431","72","m2","Gniby","fertilized",240,14.4166719444444,-15.6501302777778,34,63.4,70,3.6,NA,2019-09-24 13:09:00
"432","72","m3","Gniby","fertilized",240,14.4166719444444,-15.6501302777778,36,42.8,65,6.3,0,2019-10-11 11:26:00
"433","73","m1","Gniby","control",160,14.4167022222222,-15.6500286111111,39.6,48.7,50,31.5,NA,2019-09-02 16:17:00
"434","73","m2","Gniby","control",160,14.4167022222222,-15.6500286111111,36.2,56.8,60,8.1,NA,2019-09-23 14:07:00
"435","73","m3","Gniby","control",160,14.4167022222222,-15.6500286111111,36.4,43.1,80,3.6,NA,2019-10-11 12:20:00
"436","73","m1","Gniby","fertilized",200,14.4166841666667,-15.6500311111111,39.6,48.7,45,27.9,NA,2019-09-02 16:28:00
"437","73","m2","Gniby","fertilized",200,14.4166841666667,-15.6500311111111,36.2,61.6,70,5.4,NA,2019-09-23 14:19:00
"438","73","m3","Gniby","fertilized",200,14.4166841666667,-15.6500311111111,36.4,43,85,5.4,NA,2019-10-11 12:33:00
"439","74","m1","Gniby","control",364,14.4001186111111,-15.6667902777778,33.5,72.3,40,7.2,NA,2019-09-04 09:34:00
"440","74","m2","Gniby","control",364,14.4001186111111,-15.6667902777778,31.7,64.5,70,5.4,NA,2019-09-22 10:21:00
"441","74","m3","Gniby","control",364,14.4001186111111,-15.6667902777778,32.5,57.1,75,4.5,NA,2019-10-11 10:02:00
"442","74","m1","Gniby","fertilized",1104,14.4001036111111,-15.6667888888889,33.5,72.3,20,4.5,NA,2019-09-04 09:48:00
"443","74","m2","Gniby","fertilized",1104,14.4001036111111,-15.6667888888889,31.5,64.8,90,1.8,NA,2019-09-22 10:33:00
"444","74","m3","Gniby","fertilized",1104,14.4001036111111,-15.6667888888889,32.5,57.1,95,2.7,NA,2019-10-11 10:02:00
"445","75","m1","Gniby","control",424,14.4166886111111,-15.6334013888889,32.4,74,30,43.2,NA,2019-09-04 08:42:00
"446","75","m2","Gniby","control",424,14.4166886111111,-15.6334013888889,30.8,71.8,85,6.3,NA,2019-09-23 09:00:00
"447","75","m3","Gniby","control",424,14.4166886111111,-15.6334013888889,34.3,56,30,8.1,NA,2019-10-11 09:39:00
"448","75","m1","Gniby","fertilized",1320,14.4166783333333,-15.6833647222222,32.4,74,20,24.3,NA,2019-09-04 08:34:00
"449","75","m2","Gniby","fertilized",1320,14.4166783333333,-15.6833647222222,30.5,71.6,90,0.9,NA,2019-09-23 09:07:00
"450","75","m3","Gniby","fertilized",1320,14.4166783333333,-15.6833647222222,34,56.2,90,3.6,NA,2019-10-11 09:52:00
"451","76","m1","Gniby","control",186,14.4000283333333,-15.6000425,39.4,50.5,50,20.7,0.05,2019-09-04 16:07:00
"452","76","m2","Gniby","control",186,14.4000283333333,-15.6000425,31,70,65,41.4,NA,2019-09-23 08:41:00
"453","76","m3","Gniby","control",186,14.4000283333333,-15.6000425,39.6,36.6,65,18,0.05,2019-10-11 15:45:00
"454","76","m1","Gniby","fertilized",558,14.4000422222222,-15.6000358333333,39.4,50.5,30,22.5,0.05,2019-09-04 16:27:00
"455","76","m2","Gniby","fertilized",558,14.4000422222222,-15.6000358333333,31,70,40,6.3,NA,2019-09-23 08:56:00
"456","76","m3","Gniby","fertilized",558,14.4000422222222,-15.6000358333333,39.6,32.6,50,17.1,0.05,2019-10-11 15:45:00
"457","77","m1","Gniby","control",516,14.3834877777778,-15.633405,37.6,57.6,45,14.4,NA,2019-09-04 14:02:00
"458","77","m2","Gniby","control",516,14.3834877777778,-15.633405,32,65,50,6.3,NA,2019-09-22 10:13:00
"459","77","m3","Gniby","control",516,14.3834877777778,-15.633405,36.4,44,75,15.3,NA,2019-10-11 12:56:00
"460","77","m1","Gniby","fertilized",860,14.3834877777778,-15.5667033333333,37.6,57.6,20,9,NA,2019-09-04 14:20:00
"461","77","m2","Gniby","fertilized",860,14.3834877777778,-15.5667033333333,32,64,70,2.7,NA,2019-09-22 10:19:00
"462","77","m3","Gniby","fertilized",860,14.3834877777778,-15.5667033333333,36.4,44,40,18.9,NA,2019-10-11 12:40:00
"463","78","m1","Gniby","control",480,14.3834252777778,-15.6167008333333,37.4,59.2,40,27,NA,2019-09-04 14:45:00
"464","78","m2","Gniby","control",480,14.3834252777778,-15.6167008333333,34,59.6,40,42.3,0.15,2019-09-24 12:28:00
"465","78","m3","Gniby","control",480,14.3834252777778,-15.6167008333333,37.7,38,40,34.2,0,2019-10-11 15:11:00
"466","78","m1","Gniby","fertilized",520,14.3834588888889,-15.6000669444444,37.4,59.2,30,15.3,NA,2019-09-04 14:58:00
"467","78","m2","Gniby","fertilized",520,14.3834588888889,-15.6000669444444,34.2,60,30,19.8,0.05,2019-09-24 12:37:00
"468","78","m3","Gniby","fertilized",520,14.3834588888889,-15.6000669444444,38.7,36,90,9,0,2019-10-11 15:28:00
"469","79","m1","Gniby","control",160,14.4166797222222,-15.6501208333333,41.7,52.3,45,7.2,0.05,2019-09-02 11:38:00
"470","79","m2","Gniby","control",160,14.4166797222222,-15.6501208333333,35.7,55.9,90,10.8,NA,2019-09-23 11:43:00
"471","79","m3","Gniby","control",160,14.4166797222222,-15.6501208333333,36,43,95,15.3,NA,2019-10-11 11:48:00
"472","79","m1","Gniby","fertilized",800,14.4166713888889,-15.6501177777778,41.7,52.3,50,18.9,0.01,2019-09-02 11:48:00
"473","79","m2","Gniby","fertilized",800,14.4166713888889,-15.6501177777778,34.8,64.7,90,0.9,NA,2019-09-23 11:54:00
"474","79","m3","Gniby","fertilized",800,14.4166713888889,-15.6501177777778,36,43,40,6.3,NA,2019-10-11 12:05:00
"475","80","m1","Gniby","control",70,14.3668169444444,-15.5834980555556,37,59.6,45,10.8,NA,2019-09-04 13:10:00
"476","80","m2","Gniby","control",70,14.3668169444444,-15.5834980555556,33,60.2,45,20.7,NA,2019-09-22 10:16:00
"477","80","m3","Gniby","control",70,14.3668169444444,-15.5834980555556,37.4,39.5,60,9,NA,2019-10-11 13:40:00
"478","80","m1","Gniby","fertilized",540,14.3668169444444,-15.6167869444444,37,59.6,30,8.1,NA,2019-09-04 13:24:00
"479","80","m2","Gniby","fertilized",540,14.3668169444444,-15.6167869444444,33.1,60,70,15.3,NA,2019-09-22 10:08:00
"480","80","m3","Gniby","fertilized",540,14.3668169444444,-15.6167869444444,37.4,39.5,50,9.9,NA,2019-10-11 13:23:00
"481","81","m1","Gniby","control",272,16.0502277777778,-14.5835319444444,37.7,59.5,35,18.9,NA,2019-09-04 11:52:00
"482","81","m2","Gniby","control",272,16.0502277777778,-14.5835319444444,31,70,50,28.8,0.15,2019-09-23 09:32:00
"483","81","m3","Gniby","control",272,16.0502277777778,-14.5835319444444,39,30,90,9.9,0.05,2019-10-11 13:55:00
"484","81","m1","Gniby","fertilized",650,16.0502277777778,-14.5835741666667,37.7,59.5,30,12.6,NA,2019-09-04 11:57:00
"485","81","m2","Gniby","fertilized",650,16.0502277777778,-14.5835741666667,31,70,80,20.7,0.05,2019-09-23 09:40:00
"486","81","m3","Gniby","fertilized",650,16.0502277777778,-14.5835741666667,39,30,60,6.3,0.01,2019-10-11 13:49:00
"487","82","m1","Gniby","control",250,16.1001505555556,-14.6167905555556,35.7,68,35,8.1,NA,2019-09-04 10:34:00
"488","82","m2","Gniby","control",250,16.1001505555556,-14.6167905555556,29,78,80,10.8,NA,2019-09-23 07:26:00
"489","82","m3","Gniby","control",250,16.1001505555556,-14.6167905555556,37.6,42,90,32.4,NA,2019-10-11 13:25:00
"490","82","m1","Gniby","fertilized",465,16.1001505555556,-14.5834008333333,35.7,68,50,24.3,NA,2019-09-04 10:44:00
"491","82","m2","Gniby","fertilized",465,16.1001505555556,-14.5834008333333,29,78,60,6.3,NA,2019-09-23 07:34:00
"492","82","m3","Gniby","fertilized",465,16.1001505555556,-14.5834008333333,38,42,80,25.2,NA,2019-10-11 13:13:00
"493","83","m1","Gniby","control",370,16.0668491666667,-14.6167672222222,37,57.7,30,12.6,0.01,2019-09-04 12:56:00
"494","83","m2","Gniby","control",370,16.0668491666667,-14.6167672222222,29,76.8,60,11.7,NA,2019-09-24 08:13:00
"495","83","m3","Gniby","control",370,16.0668491666667,-14.6167672222222,36.5,44,90,16.2,NA,2019-10-12 12:48:00
"496","83","m1","Gniby","fertilized",615,16.0668491666667,-14.6333683333333,37,57.7,25,9.9,0,2019-09-04 12:38:00
"497","83","m2","Gniby","fertilized",615,16.0668491666667,-14.6333683333333,29,77,75,1.8,NA,2019-09-24 08:20:00
"498","83","m3","Gniby","fertilized",615,16.0668491666667,-14.6333683333333,36,46,75,11.7,NA,2019-10-12 12:40:00
"499","84","m1","Gniby","control",270,16.0333452777778,-14.7502661111111,31.7,65.8,30,18.9,NA,2019-09-03 09:33:00
"500","84","m2","Gniby","control",270,16.0333452777778,-14.7502661111111,29,73,30,17.1,NA,2019-09-22 18:43:00
"501","84","m3","Gniby","control",270,16.0333452777778,-14.7502661111111,34,59,59,23.4,0.1,2019-10-12 09:51:00
"502","84","m1","Gniby","fertilized",900,14.4501166666667,-15.6168247222222,31.7,65.8,25,24.3,NA,2019-09-03 09:45:00
"503","84","m2","Gniby","fertilized",900,14.4501166666667,-15.6168247222222,29,73.7,75,36.9,NA,2019-09-22 18:51:00
"504","84","m3","Gniby","fertilized",900,14.4501166666667,-15.6168247222222,34,59,50,9,0,2019-10-12 09:52:00
"505","85","m1","Gniby","control",350,16.0669186111111,-14.8167461111111,38.7,58.7,30,57.6,NA,2019-09-03 13:17:00
"506","85","m2","Gniby","control",350,16.0669186111111,-14.8167461111111,34.3,56,60,27.9,NA,2019-09-23 10:45:00
"507","85","m3","Gniby","control",350,16.0669186111111,-14.8167461111111,38.4,35.6,30,8.1,NA,2019-10-12 11:53:00
"508","85","m1","Gniby","fertilized",645,14.4835669444444,-15.6335363888889,38.7,58.7,35,69.3,NA,2019-09-03 13:28:00
"509","85","m2","Gniby","fertilized",645,14.4835669444444,-15.6335363888889,35,56,75,10.8,NA,2019-09-23 11:30:00
"510","85","m3","Gniby","fertilized",645,14.4835669444444,-15.6335363888889,38.4,35.6,55,14.4,NA,2019-10-12 11:55:00
"511","86","m1","Gniby","control",450,14.4834316666667,-15.6334219444444,39.5,51.5,45,46.8,0.2,2019-09-03 12:06:00
"512","86","m2","Gniby","control",450,14.4834316666667,-15.6334219444444,34,57,80,16.2,NA,2019-09-23 11:51:00
"513","86","m3","Gniby","control",450,14.4834316666667,-15.6334219444444,37.5,47.7,35,12.6,NA,2019-10-12 10:58:00
"514","86","m1","Gniby","fertilized",500,16.0500797222222,-14.8167708333333,39.5,51.5,40,50.4,0.15,2019-09-03 12:20:00
"515","86","m2","Gniby","fertilized",500,16.0500797222222,-14.8167708333333,34,57,60,7.2,NA,2019-09-23 11:59:00
"516","86","m3","Gniby","fertilized",500,16.0500797222222,-14.8167708333333,35,53,90,1.8,NA,2019-10-12 10:59:00
"517","87","m1","Gniby","control",50,14.7335255555556,-16.0168605555556,37.1,57.2,45,28.8,NA,2019-09-02 16:05:00
"518","87","m2","Gniby","control",50,14.7335255555556,-16.0168605555556,30,70,50,6.3,NA,2019-09-23 17:38:00
"519","87","m3","Gniby","control",50,14.7335255555556,-16.0168605555556,32.5,68.9,30,46.8,0.15,2019-10-11 18:25:00
"520","87","m1","Gniby","fertilized",200,14.7335241666667,-16.0168733333333,37.1,57.2,40,16.2,NA,2019-09-02 16:10:00
"521","87","m2","Gniby","fertilized",200,14.7335241666667,-16.0168733333333,30,70,35,18,NA,2019-09-23 17:52:00
"522","87","m3","Gniby","fertilized",200,14.7335241666667,-16.0168733333333,32.5,68.9,35,22.5,0.05,2019-10-11 18:40:00
"523","88","m1","Gniby","control",NA,14.4500713888889,-15.6668263888889,30.5,76.1,45,11.7,NA,2019-09-05 08:29:00
"524","88","m2","Gniby","control",NA,14.4500713888889,-15.6668263888889,37.6,62.1,80,3.6,NA,2019-09-24 14:48:00
"525","88","m3","Gniby","control",NA,14.4500713888889,-15.6668263888889,39.6,36.5,90,3.6,NA,2019-10-11 15:40:00
"526","88","m1","Gniby","fertilized",610,14.4500630555556,-15.6668238888889,30.5,76.1,30,0,NA,2019-09-05 08:45:00
"527","88","m2","Gniby","fertilized",610,14.4500630555556,-15.6668238888889,37.7,61.5,90,0.9,NA,2019-09-24 14:57:00
"528","88","m3","Gniby","fertilized",610,14.4500630555556,-15.6668238888889,39.6,36.6,95,3.6,NA,2019-10-11 15:54:00
"529","89","m1","Gniby","control",NA,NA,NA,NA,NA,NA,NA,NA,NA
"530","89","m2","Gniby","control",NA,NA,NA,NA,NA,NA,NA,NA,NA
"531","89","m3","Gniby","control",NA,NA,NA,NA,NA,NA,NA,NA,NA
"532","89","m1","Gniby","fertilized",NA,NA,NA,NA,NA,NA,NA,NA,NA
"533","89","m2","Gniby","fertilized",NA,NA,NA,NA,NA,NA,NA,NA,NA
"534","89","m3","Gniby","fertilized",NA,NA,NA,NA,NA,NA,NA,NA,NA
"535","90","m1","Gniby","control",400,14.4333986111111,-15.6501086111111,35.7,64.8,35,24.3,NA,2019-09-05 12:00:00
"536","90","m2","Gniby","control",400,14.4333986111111,-15.6501086111111,36.3,62.9,90,4.5,NA,2019-09-24 15:12:00
"537","90","m3","Gniby","control",400,14.4333986111111,-15.6501086111111,37.4,39.4,85,13.5,NA,2019-10-11 13:04:00
"538","90","m1","Gniby","fertilized",1040,14.43338,-15.650125,35.7,64.8,45,9.9,NA,2019-09-05 12:10:00
"539","90","m2","Gniby","fertilized",1040,14.43338,-15.650125,36.3,62.9,95,1.8,NA,2019-09-24 15:12:00
"540","90","m3","Gniby","fertilized",1040,14.43338,-15.650125,37.4,39.5,98,6.3,NA,2019-10-11 13:23:00
"541","91","m1","Gniby","control",NA,16.0502247222222,-14.750155,30,72.6,45,51.3,NA,2019-09-03 08:42:00
"542","91","m2","Gniby","control",NA,16.0502247222222,-14.750155,29.1,74,80,8.1,0.05,2019-09-25 07:51:00
"543","91","m3","Gniby","control",NA,16.0502247222222,-14.750155,38.9,37.5,15,33.3,0,2019-10-12 12:33:00
"544","91","m1","Gniby","fertilized",NA,14.4501297222222,-15.6333877777778,30,72.6,50,29.7,NA,2019-09-03 08:50:00
"545","91","m2","Gniby","fertilized",NA,14.4501297222222,-15.6333877777778,29,74.5,75,31.5,0.1,2019-09-25 07:59:00
"546","91","m3","Gniby","fertilized",NA,14.4501297222222,-15.6333877777778,38.9,37,70,25.2,0,2019-10-12 12:34:00
"547","92","m1","Gniby","control",NA,14.4168675,-15.6168541666667,35.9,68.2,50,7.2,NA,2019-09-05 13:30:00
"548","92","m2","Gniby","control",NA,14.4168675,-15.6168541666667,NA,NA,NA,NA,NA,NA
"549","92","m3","Gniby","control",NA,14.4168675,-15.6168541666667,30.2,74.1,90,18.9,NA,2019-10-12 08:30:00
"550","92","m1","Gniby","fertilized",NA,16.0334402777778,-14.7000008333333,35.9,68.2,30,13.5,NA,2019-09-05 13:45:00
"551","92","m2","Gniby","fertilized",NA,16.0334402777778,-14.7000008333333,NA,NA,NA,NA,NA,NA
"552","92","m3","Gniby","fertilized",NA,16.0334402777778,-14.7000008333333,30,74,90,12.6,NA,2019-10-12 08:26:00
"553","93","m1","Gniby","control",NA,NA,NA,NA,NA,NA,NA,NA,NA
"554","93","m2","Gniby","control",NA,NA,NA,NA,NA,NA,NA,NA,NA
"555","93","m3","Gniby","control",NA,NA,NA,NA,NA,NA,NA,NA,NA
"556","93","m1","Gniby","fertilized",1200,14.4334619444444,-15.6500638888889,35.1,71.7,20,18,NA,2019-09-05 10:49:00
"557","93","m2","Gniby","fertilized",1200,14.4334619444444,-15.6500638888889,35.3,62.5,95,2.7,NA,2019-09-25 12:23:00
"558","93","m3","Gniby","fertilized",1200,14.4334619444444,-15.6500638888889,36.4,44,95,4.5,NA,2019-10-11 12:51:00
"559","94","m1","Gniby","control",75,16.0669322222222,-14.6835263888889,40.4,45.1,30,18.9,0.05,2019-09-02 15:40:00
"560","94","m2","Gniby","control",75,16.0669322222222,-14.6835263888889,26,88,35,18,NA,2019-09-25 07:32:00
"561","94","m3","Gniby","control",75,16.0669322222222,-14.6835263888889,33.5,70,50,8.1,NA,2019-10-11 09:11:00
"562","94","m1","Gniby","fertilized",135,14.4001963888889,-15.6334936111111,40.4,45.1,45,12.6,0,2019-09-02 15:26:00
"563","94","m2","Gniby","fertilized",135,14.4001963888889,-15.6334936111111,26,88,25,2.7,NA,2019-09-25 07:19:00
"564","94","m3","Gniby","fertilized",135,14.4001963888889,-15.6334936111111,33.5,66,35,10.8,NA,2019-10-11 09:11:00
"565","95","m1","Gniby","control",NA,16.0001630555556,-14.7666730555556,36.6,56.9,30,25.2,NA,2019-09-02 16:35:00
"566","95","m2","Gniby","control",NA,16.0001630555556,-14.7666730555556,30,71,50,9,NA,2019-09-25 09:07:00
"567","95","m3","Gniby","control",NA,16.0001630555556,-14.7666730555556,32,70,60,4.5,NA,2019-10-12 09:07:00
"568","95","m1","Gniby","fertilized",NA,14.4500197222222,-15.6001063888889,36.6,56.9,40,6.3,NA,2019-09-02 16:45:00
"569","95","m2","Gniby","fertilized",NA,14.4500197222222,-15.6001063888889,30,71,75,14.4,NA,2019-09-25 08:52:00
"570","95","m3","Gniby","fertilized",NA,14.4500197222222,-15.6001063888889,32,68,80,9,NA,2019-10-12 09:05:00
"571","96","m1","Gniby","control",50,14.3834947222222,-15.6501269444444,38.7,64,30,15.3,NA,2019-09-05 15:05:00
"572","96","m2","Gniby","control",50,14.3834947222222,-15.6501269444444,29,73.2,40,29.7,NA,2019-09-25 08:14:00
"573","96","m3","Gniby","control",50,14.3834947222222,-15.6501269444444,36.7,43.2,40,27,NA,2019-10-11 17:00:00
"574","96","m1","Gniby","fertilized",190,14.4001186111111,-15.6501522222222,38.7,64,25,9,NA,2019-09-05 15:16:00
"575","96","m2","Gniby","fertilized",190,14.4001186111111,-15.6501522222222,28.9,74,55,8.1,NA,2019-09-25 08:05:00
"576","96","m3","Gniby","fertilized",190,14.4001186111111,-15.6501522222222,37.5,40.6,55,16.2,NA,2019-10-11 16:59:00
"577","97","m1","Gniby","control",NA,14.4334680555556,-15.5834502777778,34.4,59.5,40,69.3,NA,2019-09-02 17:20:00
"578","97","m2","Gniby","control",NA,14.4334680555556,-15.5834502777778,32,54,90,29.7,0.15,2019-09-25 11:23:00
"579","97","m3","Gniby","control",NA,14.4334680555556,-15.5834502777778,37.6,40.6,30,51.3,0,2019-10-11 16:49:00
"580","97","m1","Gniby","fertilized",262,14.4166966666667,-15.5833588888889,34.4,59.5,50,36,NA,2019-09-02 17:29:00
"581","97","m2","Gniby","fertilized",262,14.4166966666667,-15.5833588888889,32,54,50,3.6,0,2019-09-25 11:31:00
"582","97","m3","Gniby","fertilized",262,14.4166966666667,-15.5833588888889,37.6,40.6,60,32.4,0,2019-10-11 16:47:00
"583","98","m1","Gniby","control",160,14.4334586111111,-15.6667205555556,NA,NA,NA,NA,NA,NA
"584","98","m2","Gniby","control",160,14.4334586111111,-15.6667205555556,37.4,56.9,50,9.9,NA,NA
"585","98","m3","Gniby","control",160,14.4334586111111,-15.6667205555556,38.4,37.7,65,11.7,NA,2019-10-11 16:28:00
"586","98","m1","Gniby","fertilized",720,14.4334497222222,-15.6833788888889,30.5,73.4,60,2.7,NA,2019-09-05 07:53:00
"587","98","m2","Gniby","fertilized",720,14.4334497222222,-15.6833788888889,37.3,59,75,4.5,NA,2019-09-22 14:30:00
"588","98","m3","Gniby","fertilized",720,14.4334497222222,-15.6833788888889,38.4,37.7,75,6.3,NA,2019-10-11 16:12:00
"589","99","m1","Gniby","control",140,14.4166941666667,-15.7501491666667,32.2,74.4,25,20.7,NA,2019-09-04 08:58:00
"590","99","m2","Gniby","control",140,14.4166941666667,-15.7501491666667,30.4,68.3,65,5.4,NA,2019-09-25 09:03:00
"591","99","m3","Gniby","control",140,14.4166941666667,-15.7501491666667,32.4,67.8,50,18,NA,2019-10-11 09:27:00
"592","99","m1","Gniby","fertilized",780,14.4166822222222,-15.6834313888889,32.2,74.4,40,13.5,NA,2019-09-04 09:17:00
"593","99","m2","Gniby","fertilized",780,14.4166822222222,-15.6834313888889,30.2,68.5,85,0.9,NA,2019-09-25 09:24:00
"594","99","m3","Gniby","fertilized",780,14.4166822222222,-15.6834313888889,30.2,68.5,90,3.6,NA,2019-10-12 09:18:00
"595","100","m1","Gniby","control",100,16.0500558333333,-14.7834147222222,37.7,52.8,50,20.7,NA,2019-09-03 11:11:00
"596","100","m2","Gniby","control",100,16.0500558333333,-14.7834147222222,25,78,45,10.8,0.1,2019-09-24 07:17:00
"597","100","m3","Gniby","control",100,16.0500558333333,-14.7834147222222,25,78,45,2.7,0.1,2019-10-12 10:03:00
"598","100","m1","Gniby","fertilized",320,14.4001283333333,-15.6333541666667,37.7,52.8,45,21.6,NA,2019-09-03 11:24:00
"599","100","m2","Gniby","fertilized",320,14.4001283333333,-15.6333541666667,25,78,80,3.6,0.01,2019-09-24 07:33:00
"600","100","m3","Gniby","fertilized",320,14.4001283333333,-15.6333541666667,25,78,70,16.2,0.01,2019-10-12 10:35:00
